code,date,close,volume,trading_value
003670,2025-10-01,147500,536206,78403936100
003670,2025-10-02,146500,428575,63245139900
003670,2025-10-10,146300,374520,54599054950
003670,2025-10-13,157700,1152076,180583016050
003670,2025-10-14,166700,1670939,276846487800
003670,2025-10-15,174200,807770,137530388500
003670,2025-10-16,191500,1356449,249539960550
003670,2025-10-17,193500,1383608,270144700650
003670,2025-10-20,195500,750173,144747176750
003670,2025-10-21,201000,1084118,221316019300
003670,2025-10-22,204000,530821,107530793900
003670,2025-10-23,203500,408254,83863176750
003670,2025-10-24,242000,1585440,362192017000
003670,2025-10-27,245500,1399657,349633932250
003670,2025-10-28,241000,1189858,281272754250
003670,2025-10-29,234500,654627,154059348750
003670,2025-10-30,220000,951297,214599702500
003670,2025-10-31,216500,477882,104540491250
003670,2025-11-03,219500,481482,105222440750
003670,2025-11-04,219000,416593,92435174000
003670,2025-11-05,213500,451970,95361729250
003670,2025-11-06,212000,289098,62240533000
003670,2025-11-07,207000,308492,63449000000
003670,2025-11-10,210000,320676,66170373900
003670,2025-11-11,210500,379550,81587803500
003670,2025-11-12,215000,288170,61900472250
003670,2025-11-13,220500,491246,108012874500
003670,2025-11-14,209500,304082,64315067250
003670,2025-11-17,209000,151307,31736491000
003670,2025-11-18,200000,390701,80054736500
003670,2025-11-19,195900,443784,86971451650
003670,2025-11-20,200000,199767,40139614850
003670,2025-11-21,192500,257378,49761953500
003670,2025-11-24,186800,343477,64529870450
003670,2025-11-25,187100,209557,39438145150
003670,2025-11-26,205000,506311,101391507200
003670,2025-11-27,207000,214349,44123194750
003670,2025-11-28,206500,183186,37819677500
003670,2025-12-01,209000,289732,60896355000
003670,2025-12-02,207500,227278,47233645500
003670,2025-12-03,206000,140415,28923896250
003670,2025-12-04,204500,184815,37615472250
003670,2025-12-05,206000,180504,37119410750
003670,2025-12-08,220500,568128,123084193000
003670,2025-12-09,224000,449759,100475076250
003670,2025-12-10,220500,323772,72069846250
003670,2025-12-11,222000,502574,110916311500
003670,2025-12-12,221500,257784,57099619000
003670,2025-12-15,227000,526698,120050513750
003670,2025-12-16,210000,628535,135103642000
003670,2025-12-17,210500,271830,57071302500
003670,2025-12-18,195500,469269,93197301400
003670,2025-12-19,191100,755266,142289764900
003670,2025-12-22,196100,334746,65220084650
003670,2025-12-23,196500,276101,54326560400
003670,2025-12-24,198000,315759,63217301950
003670,2025-12-26,196200,207100,40814808200
003670,2025-12-29,196700,268020,52585451350
003670,2025-12-30,187000,454037,85376236800
003670,2026-01-02,176900,599853,107847133350
003670,2026-01-05,181000,531260,95378578900
003670,2026-01-06,182700,352558,64418093350
003670,2026-01-07,180000,335167,60728319600
003670,2026-01-08,178500,463164,82995637050
003670,2026-01-09,175900,396593,69523649350
003670,2026-01-12,188000,624112,115740877550
003670,2026-01-13,196000,484901,93008718700
003670,2026-01-14,188100,355967,67726220050
003670,2026-01-15,195400,545799,105263901200
003670,2026-01-16,188700,305027,58239424350
003670,2026-01-19,197000,450354,87169114350
003670,2026-01-20,205000,691547,142431771900
003670,2026-01-21,200500,434175,86417394400
003670,2026-01-22,217000,1019428,217578586750
003670,2026-01-23,214000,645104,138405013250
003670,2026-01-26,228500,1023248,229205550250
003670,2026-01-27,229500,606335,137958435000
003670,2026-01-28,239500,968994,228798862250
003670,2026-01-29,235000,967869,226701667000
003670,2026-01-30,223500,723565,164790835250
003670,2026-02-02,217500,675565,150712150500
003670,2026-02-03,226500,473523,105881076000
003670,2026-02-04,232500,561217,129229670250
003670,2026-02-05,225500,563594,128024168000
003670,2026-02-06,218000,441504,94586423500
003670,2026-02-09,225500,396828,89036504000
003670,2026-02-10,221000,363997,80497957000
003670,2026-02-11,218500,214838,47092453500
003670,2026-02-12,227500,632915,143509927500
003670,2026-02-13,224000,340336,76667216000
003670,2026-02-19,234500,430899,100633185000
003670,2026-02-20,233000,236523,55149359000
003670,2026-02-23,225500,363163,82616157000
003670,2026-02-24,236000,588396,138049084250
003670,2026-02-25,246000,781807,191264242750
003670,2026-02-26,247000,542279,133253167000
003670,2026-02-27,247000,485158,119443098750
003670,2026-03-03,226500,667688,158675286500
003670,2026-03-04,185200,755094,150207551150
003670,2026-03-05,208000,393825,81732249500
003670,2026-03-06,215500,359162,75695241750
003670,2026-03-09,202500,348100,69635350650
003670,2026-03-10,210000,229082,48138822250
003670,2026-03-11,210500,201978,43197794250
003670,2026-03-12,210500,177842,37258901500
003670,2026-03-13,190900,1585544,303497656550
003670,2026-03-16,191200,603441,116550601000
003670,2026-03-17,193100,359857,70140481850
003670,2026-03-18,200500,381738,75964506600
003670,2026-03-19,198000,298252,59279279700
003670,2026-03-20,199200,213964,42623863050
003670,2026-03-23,186400,329162,62111189000
003670,2026-03-24,196400,399666,78394418300
003670,2026-03-25,202500,355823,72056920450
003670,2026-03-26,200000,286841,58617150400
003670,2026-03-27,209000,450176,91264753500
003670,2026-03-30,214500,576917,124859259500
003670,2026-03-31,203500,444840,92048476500
003670,2026-04-01,211500,269959,56687127750
003670,2026-04-02,213000,841291,184843849500
003670,2026-04-03,211500,394229,83150070250
003670,2026-04-06,211000,280550,59854146500
003670,2026-04-07,209000,328182,69783665500
003670,2026-04-08,217500,345070,74725174500
003670,2026-04-09,218000,399050,87481793000
003670,2026-04-10,217500,203586,44179623250
003670,2026-04-13,214500,181353,38750770500
003670,2026-04-14,213000,134605,28890758000
003670,2026-04-15,217500,207301,45253373000
003670,2026-04-16,223500,224013,50120180750
003670,2026-04-17,234500,492714,114183510000
003670,2026-04-20,236500,296655,70568736750
003670,2026-04-21,256500,744904,186518816250
003670,2026-04-22,257500,541591,138185407750
003670,2026-04-23,246000,475016,118259506750
003670,2026-04-24,252000,314656,78494804750
003670,2026-04-27,249500,285322,71199542750
003670,2026-04-28,263000,632095,165322572000
003670,2026-04-29,261000,344400,89833885500
003670,2026-04-30,252000,425977,107719683250
003670,2026-05-04,267000,589996,157788112250
003670,2026-05-06,288500,1054707,302626143000
003670,2026-05-07,296000,680410,196210284500
003670,2026-05-08,290000,320035,91842264500
003670,2026-05-11,280000,348680,98293578250
003670,2026-05-12,261000,636711,169468411250
003670,2026-05-13,251500,358788,90074383750
003670,2026-05-14,250500,497388,124031643500
003670,2026-05-15,235500,455373,111213895250
003670,2026-05-18,232000,319699,72883896500
003670,2026-05-19,224000,330942,74050204000
003670,2026-05-20,216500,305249,65735189500
003670,2026-05-21,232000,236575,54542766250
003670,2026-05-22,243000,290033,70779476250
003670,2026-05-26,240500,209833,51189459250
003670,2026-05-27,229000,274944,64606814750
003670,2026-05-28,238000,328997,77246971000
003670,2026-05-29,245500,630103,153446048000
003670,2026-06-01,231000,368520,86527320750
003670,2026-06-02,222500,453638,104559773750
003670,2026-06-04,221500,230025,51281578000
003670,2026-06-05,209000,204019,42646985000
003670,2026-06-08,187700,301459,57435320150
003670,2026-06-09,193000,287081,54923308350
003670,2026-06-10,187600,353371,66280089300
003670,2026-06-11,184700,434516,79664182750
003670,2026-06-12,199400,317096,63080218050
003670,2026-06-15,210500,174675,36448997000
003670,2026-06-16,209000,157425,32905549000
003670,2026-06-17,209500,146612,30722668000
003670,2026-06-18,202000,229712,46355451100
003670,2026-06-19,199500,344750,68931459500
003670,2026-06-22,192000,233717,45269773100
003670,2026-06-23,172900,330793,60127157250
003670,2026-06-24,178100,299430,52450905300
003670,2026-06-25,170200,288673,50350313500
003670,2026-06-26,160600,357402,58030532550
003670,2026-06-29,187600,479720,85873180400
003670,2026-06-30,175600,389172,69025290700
003670,2026-07-01,170200,333203,56840811000
003670,2026-07-02,163600,301168,49348267300
003670,2026-07-03,162200,402156,62954827400
003670,2026-07-06,159500,267492,42041336800
003670,2026-07-07,158200,299498,46773742150
003670,2026-07-08,144700,330659,48854524200
003670,2026-07-09,146000,618100,90506347400
003670,2026-07-10,151800,306366,47116331850
003670,2026-07-13,150700,342798,52549691350
003670,2026-07-14,144300,302559,44344026300
003670,2026-07-15,153200,201873,30738442850
003670,2026-07-16,147600,304297,45328955300
003670,2026-07-20,136800,244081,33826220650
003670,2026-07-21,138600,196426,26812421500
003670,2026-07-22,141100,158807,22784819300
003670,2026-07-23,152200,213282,31393250900
003670,2026-07-24,141600,185247,26542067000
003670,2026-07-27,143600,160335,22741872150
003670,2026-07-28,132900,224077,30111388400
003670,2026-07-29,122100,362830,45134856800
003670,2026-07-30,130200,544213,70532299550
003670,2026-07-31,137700,415736,55924242400
003670,2026-08-03,136800,295681,40226366900
003670,2026-08-04,142800,183174,25679505300
003670,2026-08-05,146200,139772,20408423650
003670,2026-08-06,147500,189359,27904818050
003670,2026-08-07,155800,970544,150947149550
003670,2026-08-10,165500,494259,79080094300
003670,2026-08-11,156900,286770,45592601350
003670,2026-08-12,160000,251317,40052020800
003670,2026-08-13,165900,375509,62071598100
003670,2026-08-14,170500,244914,40955734400
003670,2026-08-18,160400,297534,48952628800
003670,2026-08-19,160300,189626,30111215000
003670,2026-08-20,163300,242384,40039401650
003670,2026-08-21,154900,230420,35753825000
003670,2026-08-24,170900,578440,98069957750
003670,2026-08-25,167800,263852,43955731850
003670,2026-08-26,168700,167777,27930654300
003670,2026-08-27,184000,659763,119333826600
003670,2026-08-28,186300,320655,59466779300
003670,2026-08-31,200500,811603,158892406400
004690,2025-10-01,124000,3939,487641800
004690,2025-10-02,125200,6538,817448850
004690,2025-10-10,123800,8546,1058210350
004690,2025-10-13,124000,8217,1012882900
004690,2025-10-14,124400,8703,1079205700
004690,2025-10-15,127000,4618,582713650
004690,2025-10-16,126000,7119,900763950
004690,2025-10-17,126000,8023,1006290500
004690,2025-10-20,128000,6026,759857350
004690,2025-10-21,127200,13451,1715578400
004690,2025-10-22,129900,8100,1033343850
004690,2025-10-23,128800,8333,1075073150
004690,2025-10-24,130000,7753,1000409850
004690,2025-10-27,128000,12493,1599591600
004690,2025-10-28,126400,20977,2655173900
004690,2025-10-29,126100,10569,1327783000
004690,2025-10-30,125300,9373,1171149000
004690,2025-10-31,123200,11031,1363287450
004690,2025-11-03,121300,7651,937147200
004690,2025-11-04,120800,7926,958075250
004690,2025-11-05,119900,17700,2095090550
004690,2025-11-06,123500,12518,1528685500
004690,2025-11-07,123000,10577,1296851800
004690,2025-11-10,134200,30647,4009781450
004690,2025-11-11,132500,11710,1559918000
004690,2025-11-12,133500,13796,1816156400
004690,2025-11-13,137000,19478,2649289050
004690,2025-11-14,132600,15738,2130394400
004690,2025-11-17,132800,19472,2575341150
004690,2025-11-18,131000,16516,2177913500
004690,2025-11-19,130400,12429,1631449950
004690,2025-11-20,130800,7323,956104400
004690,2025-11-21,127400,14828,1888024900
004690,2025-11-24,123800,9604,1203164000
004690,2025-11-25,122500,11876,1453854900
004690,2025-11-26,122800,9333,1138536650
004690,2025-11-27,120700,21171,2584051350
004690,2025-11-28,121300,5634,681227600
004690,2025-12-01,121100,9008,1090157600
004690,2025-12-02,121700,4950,600217600
004690,2025-12-03,130000,21973,2803777450
004690,2025-12-04,129800,13489,1749214900
004690,2025-12-05,127800,7679,983774400
004690,2025-12-08,126300,13964,1762151950
004690,2025-12-09,125900,5853,732196200
004690,2025-12-10,124500,6055,754404200
004690,2025-12-11,129400,18491,2365675000
004690,2025-12-12,133300,15952,2103924950
004690,2025-12-15,132600,11195,1484105550
004690,2025-12-16,131000,7728,1016588150
004690,2025-12-17,132200,6496,851887800
004690,2025-12-18,130000,8747,1132335900
004690,2025-12-19,130000,9354,1217641200
004690,2025-12-22,131100,5403,705649400
004690,2025-12-23,132700,10335,1361378250
004690,2025-12-24,132000,6567,864908900
004690,2025-12-26,130100,10107,1312323400
004690,2025-12-29,129500,12268,1611984400
004690,2025-12-30,128500,6149,790021400
004690,2026-01-02,125500,14357,1811108150
004690,2026-01-05,124400,15437,1927652750
004690,2026-01-06,124000,12715,1570029150
004690,2026-01-07,121000,22054,2666876650
004690,2026-01-08,119200,13050,1563027900
004690,2026-01-09,119600,7115,851123300
004690,2026-01-12,120400,6965,839937300
004690,2026-01-13,121000,11862,1419278050
004690,2026-01-14,121300,9023,1088240400
004690,2026-01-15,122600,6922,844084200
004690,2026-01-16,124300,11969,1479526300
004690,2026-01-19,123000,8999,1098281450
004690,2026-01-20,126400,17461,2199404300
004690,2026-01-21,124500,16673,2065383050
004690,2026-01-22,126800,13437,1698763350
004690,2026-01-23,131900,23292,3048759250
004690,2026-01-26,132400,18011,2382693100
004690,2026-01-27,131300,12564,1643550800
004690,2026-01-28,130400,12880,1679077650
004690,2026-01-29,138000,46409,6264336750
004690,2026-01-30,143600,37260,5265206500
004690,2026-02-02,138500,32751,4564967400
004690,2026-02-03,140400,25839,3572402500
004690,2026-02-04,143300,19170,2729519850
004690,2026-02-05,144800,21725,3128136750
004690,2026-02-06,139500,16862,2348040850
004690,2026-02-09,143700,14639,2084966550
004690,2026-02-10,148100,23026,3351081250
004690,2026-02-11,149700,23625,3507553700
004690,2026-02-12,150900,16931,2539202250
004690,2026-02-13,155100,30304,4673343050
004690,2026-02-19,155300,16321,2518578150
004690,2026-02-20,157800,15898,2498197600
004690,2026-02-23,157200,16511,2599342850
004690,2026-02-24,153500,21475,3271640300
004690,2026-02-25,153600,12692,1948301700
004690,2026-02-26,154400,16031,2459564800
004690,2026-02-27,152500,25874,3901032500
004690,2026-03-03,147400,39316,5913108150
004690,2026-03-04,132000,51198,6944044500
004690,2026-03-05,136200,17560,2401823100
004690,2026-03-06,137900,33241,4633141000
004690,2026-03-09,131900,15289,2025073850
004690,2026-03-10,136400,12009,1614149950
004690,2026-03-11,136500,18037,2477435750
004690,2026-03-12,140700,19806,2752385400
004690,2026-03-13,139700,20148,2821394150
004690,2026-03-16,140000,12858,1805538700
004690,2026-03-17,142300,13327,1875212950
004690,2026-03-18,143400,16545,2358499700
004690,2026-03-19,146000,27809,4037896900
004690,2026-03-20,154400,38566,5832697300
004690,2026-03-23,150000,27704,4200436750
004690,2026-03-24,150600,19515,2918676350
004690,2026-03-25,153000,13057,1990050400
004690,2026-03-26,149500,17273,2554753500
004690,2026-03-27,147200,17080,2477598000
004690,2026-03-30,143000,10158,1447761500
004690,2026-03-31,139000,17088,2386466000
004690,2026-04-01,141100,12360,1737906900
004690,2026-04-02,136900,18436,2534044600
004690,2026-04-03,137400,8375,1151002500
004690,2026-04-06,135600,6155,833600600
004690,2026-04-07,135300,8770,1180512600
004690,2026-04-08,137900,27460,3760463200
004690,2026-04-09,135600,11375,1541063700
004690,2026-04-10,133000,37114,4938174600
004690,2026-04-13,130800,11911,1555029400
004690,2026-04-14,132000,13160,1733574450
004690,2026-04-15,134100,21034,2797963050
004690,2026-04-16,137500,16480,2259418500
004690,2026-04-17,138000,17743,2435253200
004690,2026-04-20,137500,15224,2097449300
004690,2026-04-21,137500,11978,1648123800
004690,2026-04-22,136100,10950,1489203300
004690,2026-04-23,139700,25388,3502516450
004690,2026-04-24,144000,28938,4096912950
004690,2026-04-27,143300,14858,2139278900
004690,2026-04-28,145200,9954,1435194800
004690,2026-04-29,147800,16228,2389744250
004690,2026-04-30,147600,19363,2833181950
004690,2026-05-04,148500,14343,2114056550
004690,2026-05-06,148000,17948,2649518150
004690,2026-05-07,147200,13011,1911221600
004690,2026-05-08,145400,15103,2181012250
004690,2026-05-11,144500,21970,3170522600
004690,2026-05-12,141200,24444,3444648050
004690,2026-05-13,136600,20288,2804869100
004690,2026-05-14,136800,10193,1389338000
004690,2026-05-15,136500,19675,2700074200
004690,2026-05-18,132000,10039,1331918600
004690,2026-05-19,127200,13449,1721744500
004690,2026-05-20,123200,14225,1749299300
004690,2026-05-21,125400,11882,1489782450
004690,2026-05-22,127700,6794,863394000
004690,2026-05-26,125800,22257,2789991400
004690,2026-05-27,124700,30448,3792307300
004690,2026-05-28,125700,18195,2256583500
004690,2026-05-29,124600,6993,873648150
004690,2026-06-01,120400,20936,2535678900
004690,2026-06-02,119900,10879,1291271500
004690,2026-06-04,120000,13949,1672811400
004690,2026-06-05,121000,9103,1095973250
004690,2026-06-08,117200,16660,1942845900
004690,2026-06-09,119900,9533,1136477500
004690,2026-06-10,117100,11760,1368562000
004690,2026-06-11,120000,10617,1255514500
004690,2026-06-12,122100,16333,1988420850
004690,2026-06-15,124600,21409,2657595900
004690,2026-06-16,126100,12165,1517735100
004690,2026-06-17,123800,11757,1466621600
004690,2026-06-18,122400,9542,1155163150
004690,2026-06-19,115200,24927,2906678250
004690,2026-06-22,115500,5270,609088800
004690,2026-06-23,113400,13815,1577330000
004690,2026-06-24,112500,12992,1461980750
004690,2026-06-25,112300,12578,1437246600
004690,2026-06-26,109900,19809,2170596900
004690,2026-06-29,116900,19950,2289126400
004690,2026-06-30,114000,8671,1000371300
004690,2026-07-01,117100,6032,695907750
004690,2026-07-02,117000,2677,314576050
004690,2026-07-03,118300,4894,566771000
004690,2026-07-06,117700,3214,377736500
004690,2026-07-07,118200,11913,1397857100
004690,2026-07-08,114300,10711,1240347700
004690,2026-07-09,114100,9063,1029640850
004690,2026-07-10,113400,20396,2332894450
004690,2026-07-13,112100,14688,1670727100
004690,2026-07-14,113800,15796,1792865300
004690,2026-07-15,113800,9032,1029130800
004690,2026-07-16,114400,7573,866240300
004690,2026-07-20,111100,6291,703797700
004690,2026-07-21,111900,6957,771643100
004690,2026-07-22,113900,8033,916430600
004690,2026-07-23,116400,7289,840901500
004690,2026-07-24,119200,12483,1486334450
004690,2026-07-27,118000,6150,723326100
004690,2026-07-28,114900,8858,1014466200
004690,2026-07-29,111200,12654,1422867000
004690,2026-07-30,116300,10694,1229700800
004690,2026-07-31,118300,6867,792442000
004690,2026-08-03,115800,9263,1067874500
004690,2026-08-04,118900,8658,1012466950
004690,2026-08-05,119800,7448,887160900
004690,2026-08-06,119800,5821,694801500
004690,2026-08-07,120100,7921,948399250
004690,2026-08-10,123100,9413,1143608400
004690,2026-08-11,123700,7686,952127100
004690,2026-08-12,123200,8455,1042001800
004690,2026-08-13,122700,7749,938508100
004690,2026-08-14,124700,7678,946671800
004690,2026-08-18,124300,11123,1377223150
004690,2026-08-19,130100,30369,3844853350
004690,2026-08-20,130400,11459,1481939250
004690,2026-08-21,129900,6769,869632050
004690,2026-08-24,130000,2022,260455600
004690,2026-08-25,130500,5056,655745800
004690,2026-08-26,131000,2435,317853800
004690,2026-08-27,130900,6717,877111100
004690,2026-08-28,132400,5247,690868850
004690,2026-08-31,133400,6447,853583700
006400,2025-10-01,204000,216933,44375968500
006400,2025-10-02,206500,588864,122412419500
006400,2025-10-10,207000,461084,95004603250
006400,2025-10-13,210500,628628,131766847000
006400,2025-10-14,220000,1096518,239728678250
006400,2025-10-15,221500,450096,98851031000
006400,2025-10-16,236000,1126965,259110792750
006400,2025-10-17,255500,2155134,537304624000
006400,2025-10-20,260500,876562,225415936500
006400,2025-10-21,259000,942968,246926830000
006400,2025-10-22,262500,676863,177261259000
006400,2025-10-23,258000,520549,135522428750
006400,2025-10-24,293000,1641056,460096250750
006400,2025-10-27,285000,1695824,490641629000
006400,2025-10-28,312000,3688662,1113726570865
006400,2025-10-29,331000,2181528,713208307923
006400,2025-10-30,325500,1784094,597785083000
006400,2025-10-31,322000,1007311,324060597250
006400,2025-11-03,327000,717628,232383612500
006400,2025-11-04,337500,1277759,438958665500
006400,2025-11-05,325000,1464201,468172903750
006400,2025-11-06,322000,806692,262210854500
006400,2025-11-07,306000,912774,280786861250
006400,2025-11-10,315000,450539,140115174000
006400,2025-11-11,322000,774167,250897071500
006400,2025-11-12,321500,342657,109981402500
006400,2025-11-13,334500,672268,221241582500
006400,2025-11-14,315000,544713,174285645250
006400,2025-11-17,317000,324257,103200999000
006400,2025-11-18,301500,520118,159092745250
006400,2025-11-19,296500,413844,122640656750
006400,2025-11-20,302000,247526,75020731000
006400,2025-11-21,288500,345160,99897472750
006400,2025-11-24,281000,808887,228513707750
006400,2025-11-25,284500,265462,75459232500
006400,2025-11-26,304500,466323,139197910000
006400,2025-11-27,303000,256219,77563977250
006400,2025-11-28,299500,339877,102289957250
006400,2025-12-01,299000,255242,76552508500
006400,2025-12-02,305000,317336,95963805250
006400,2025-12-03,305000,224504,68207369750
006400,2025-12-04,302500,297211,89308528750
006400,2025-12-05,307500,379347,116075466000
006400,2025-12-08,314000,507131,157513986500
006400,2025-12-09,310000,278714,86246098000
006400,2025-12-10,317500,637865,204397345000
006400,2025-12-11,308000,463386,144386497750
006400,2025-12-12,308000,304163,93544393500
006400,2025-12-15,303000,339241,103217206000
006400,2025-12-16,293500,480504,142275933250
006400,2025-12-17,295000,232155,68378419750
006400,2025-12-18,277000,644420,180453506780
006400,2025-12-19,279500,691283,189718317500
006400,2025-12-22,282500,311296,87898197750
006400,2025-12-23,279500,329038,91910626250
006400,2025-12-24,280000,206418,57927351750
006400,2025-12-26,274000,340872,94031314250
006400,2025-12-29,277500,330047,90584310500
006400,2025-12-30,269500,448385,120861794750
006400,2026-01-02,262500,616243,161895753000
006400,2026-01-05,275000,805956,220120177500
006400,2026-01-06,277000,448991,124417303250
006400,2026-01-07,270500,603479,164656866500
006400,2026-01-08,271000,556265,150733593250
006400,2026-01-09,267500,433710,115869719000
006400,2026-01-12,278000,704473,193674098000
006400,2026-01-13,300000,1248744,364614536000
006400,2026-01-14,285500,663816,191295630500
006400,2026-01-15,291500,487778,140793330750
006400,2026-01-16,289000,447796,129170193750
006400,2026-01-19,314000,1430872,437444040750
006400,2026-01-20,326000,2148250,705015791750
006400,2026-01-21,324000,1109366,352883643750
006400,2026-01-22,384500,5826300,2141968180250
006400,2026-01-23,373000,3366383,1284253309500
006400,2026-01-26,387000,1609025,615447528500
006400,2026-01-27,387500,1845095,703000146250
006400,2026-01-28,396500,2071072,825603168000
006400,2026-01-29,388000,1317541,508671024500
006400,2026-01-30,390000,1730887,670309038750
006400,2026-02-02,356000,1586089,583696228250
006400,2026-02-03,374500,930111,344944552750
006400,2026-02-04,391500,1224216,477621462750
006400,2026-02-05,385500,1150046,447670336000
006400,2026-02-06,370000,727300,266107619000
006400,2026-02-09,380000,477549,181247639000
006400,2026-02-10,381000,504263,193600258000
006400,2026-02-11,377000,367852,139111187750
006400,2026-02-12,385500,639928,244401282750
006400,2026-02-13,374500,517002,194793382250
006400,2026-02-19,408000,1085467,426779975500
006400,2026-02-20,402000,928083,377512370000
006400,2026-02-23,391500,793713,312980396500
006400,2026-02-24,421500,2584055,1080460352750
006400,2026-02-25,433000,1253279,539046448000
006400,2026-02-26,449000,1109842,496655948750
006400,2026-02-27,466000,1207350,556370342000
006400,2026-03-03,408000,1453235,628117006500
006400,2026-03-04,351000,1895549,709162088750
006400,2026-03-05,392500,1008865,400380804000
006400,2026-03-06,410500,796681,319048665000
006400,2026-03-09,389000,754807,289850267750
006400,2026-03-10,403500,597355,241213362000
006400,2026-03-11,400000,531148,217736999500
006400,2026-03-12,400000,616460,245703270500
006400,2026-03-13,388000,531172,207444311000
006400,2026-03-16,383000,483616,186657457000
006400,2026-03-17,389000,359325,141399066000
006400,2026-03-18,405000,384421,153754101000
006400,2026-03-19,402500,428488,173472568000
006400,2026-03-20,400500,397940,159595877750
006400,2026-03-23,376500,462325,175880932000
006400,2026-03-24,397500,531265,209543650000
006400,2026-03-25,404000,416484,168446997750
006400,2026-03-26,396500,455967,183264902750
006400,2026-03-27,405500,657568,259824926750
006400,2026-03-30,412500,735298,300701828000
006400,2026-03-31,408000,1110671,461387646250
006400,2026-04-01,432000,779644,331716203000
006400,2026-04-02,443000,1822137,809600400750
006400,2026-04-03,438500,692098,305137908500
006400,2026-04-06,453500,1125434,514294922000
006400,2026-04-07,456500,759485,349341978000
006400,2026-04-08,471500,821542,382075090250
006400,2026-04-09,480000,1003279,485237585500
006400,2026-04-10,481000,550626,265554794000
006400,2026-04-13,477500,482539,231656849500
006400,2026-04-14,470500,798652,378575712500
006400,2026-04-15,471000,632770,298619093250
006400,2026-04-16,478500,357441,170471006500
006400,2026-04-17,513000,1116580,561035118250
006400,2026-04-20,538000,827022,443343348000
006400,2026-04-21,645000,2533682,1552350939500
006400,2026-04-22,659000,1727542,1149456440500
006400,2026-04-23,630000,1204489,766978572000
006400,2026-04-24,641000,786062,506278313000
006400,2026-04-27,635000,701082,441316308000
006400,2026-04-28,680000,1454459,975089861000
006400,2026-04-29,712000,1268312,891582704000
006400,2026-04-30,695000,853824,601812980000
006400,2026-05-04,705000,663957,466135893500
006400,2026-05-06,698000,813564,566297343000
006400,2026-05-07,694000,604589,415338141000
006400,2026-05-08,678000,460537,312778629000
006400,2026-05-11,684000,850986,573956140000
006400,2026-05-12,629000,1349091,859266083000
006400,2026-05-13,634000,788819,492607554500
006400,2026-05-14,636000,712838,453700236500
006400,2026-05-15,614000,1100294,702349828000
006400,2026-05-18,613000,554836,328350920000
006400,2026-05-19,587000,511340,300170058500
006400,2026-05-20,570000,691785,387634190000
006400,2026-05-21,616000,516899,312086851000
006400,2026-05-22,647000,652607,420428048000
006400,2026-05-26,642000,481983,310491116500
006400,2026-05-27,630000,799920,519453934500
006400,2026-05-28,676000,1585322,1060699613500
006400,2026-05-29,688000,2040080,1399762361500
006400,2026-06-01,652000,854997,562693882500
006400,2026-06-02,602000,1018750,638110640500
006400,2026-06-04,607000,466801,280544575500
006400,2026-06-05,568000,542951,309391668500
006400,2026-06-08,503000,624954,318361270000
006400,2026-06-09,515000,590666,298410502250
006400,2026-06-10,496500,514326,255045165500
006400,2026-06-11,498500,498703,243383395500
006400,2026-06-12,539000,677491,371565641000
006400,2026-06-15,553000,531797,296998082500
006400,2026-06-16,549000,352915,194975782500
006400,2026-06-17,550000,257980,141385004000
006400,2026-06-18,522000,391100,205530741000
006400,2026-06-19,555000,964995,535374965500
006400,2026-06-22,533000,435643,238828910000
006400,2026-06-23,469000,712421,350244398000
006400,2026-06-24,489000,580727,281296003000
006400,2026-06-25,481000,430322,211170302250
006400,2026-06-26,455000,580098,268587608750
006400,2026-06-29,512000,737533,364723297000
006400,2026-06-30,487000,564868,279656095250
006400,2026-07-01,491000,431232,211762165750
006400,2026-07-02,470500,451674,215022301250
006400,2026-07-03,467500,498975,223583854750
006400,2026-07-06,451500,412053,185867941000
006400,2026-07-07,445000,486461,214861652500
006400,2026-07-08,412000,549542,228763750500
006400,2026-07-09,401500,595813,240842961500
006400,2026-07-10,434000,481772,207402899000
006400,2026-07-13,440000,849490,388339353500
006400,2026-07-14,427500,713492,302632493500
006400,2026-07-15,454000,607682,277918903250
006400,2026-07-16,434500,484964,212666670750
006400,2026-07-20,401000,371550,152162759250
006400,2026-07-21,416500,343674,139888018500
006400,2026-07-22,419000,321001,137590718000
006400,2026-07-23,467000,450675,201762808250
006400,2026-07-24,428000,385322,169425570000
006400,2026-07-27,431000,211006,90626698000
006400,2026-07-28,382000,469337,182892405750
006400,2026-07-29,364000,584630,213396507000
006400,2026-07-30,358500,766793,279540480250
006400,2026-07-31,397000,675830,260252791500
006400,2026-08-03,389500,318802,123804137000
006400,2026-08-04,419500,401740,162912283250
006400,2026-08-05,429000,301925,129031583250
006400,2026-08-06,427000,346534,149092402000
006400,2026-08-07,459000,689155,312677779530
006400,2026-08-10,481500,423653,198532284500
006400,2026-08-11,459500,354160,165183703500
006400,2026-08-12,485500,479152,231611295750
006400,2026-08-13,487000,321399,156679210500
006400,2026-08-14,516000,463047,232587955250
006400,2026-08-18,488000,487629,243212452500
006400,2026-08-19,487000,394552,192529658250
006400,2026-08-20,499500,390207,197271560000
006400,2026-08-21,478000,286477,138058883250
006400,2026-08-24,515000,677653,347427583000
006400,2026-08-25,519000,384401,196431760600
006400,2026-08-26,516000,205414,104982303500
006400,2026-08-27,569000,940535,525727397000
006400,2026-08-28,571000,443235,253002884000
006400,2026-08-31,577000,826685,476565812500
006650,2025-10-01,114200,25766,3008141150
006650,2025-10-02,113300,22177,2517295350
006650,2025-10-10,107800,48694,5293009200
006650,2025-10-13,108000,28229,3039021050
006650,2025-10-14,110100,25140,2757154300
006650,2025-10-15,109100,20934,2293027600
006650,2025-10-16,123500,113798,13863308050
006650,2025-10-17,123500,35535,4427460900
006650,2025-10-20,121000,35842,4378990000
006650,2025-10-21,120000,27884,3362430400
006650,2025-10-22,133500,122001,15830694700
006650,2025-10-23,132900,64657,8649336200
006650,2025-10-24,133200,47388,6317462350
006650,2025-10-27,132800,47022,6144081100
006650,2025-10-28,131200,21217,2785070700
006650,2025-10-29,133800,43847,5737799300
006650,2025-10-30,134500,32653,4375736600
006650,2025-10-31,131100,33687,4473641200
006650,2025-11-03,132200,119645,16229786550
006650,2025-11-04,138500,96725,13368037950
006650,2025-11-05,130400,39538,5189566600
006650,2025-11-06,132000,38908,5139065550
006650,2025-11-07,126000,28740,3657748000
006650,2025-11-10,137400,65259,8859249100
006650,2025-11-11,137000,25630,3526418350
006650,2025-11-12,158700,198633,30567774300
006650,2025-11-13,154500,67806,10537191550
006650,2025-11-14,152300,43611,6785108550
006650,2025-11-17,149000,61683,9124974900
006650,2025-11-18,142900,36554,5280812650
006650,2025-11-19,147100,42043,6123834800
006650,2025-11-20,146700,22493,3336714100
006650,2025-11-21,141100,43931,6215467550
006650,2025-11-24,136100,37827,5199411600
006650,2025-11-25,135600,42948,5844005550
006650,2025-11-26,150600,99654,14834055850
006650,2025-11-27,147600,45056,6613369250
006650,2025-11-28,142000,45730,6522872350
006650,2025-12-01,140800,27275,3842411600
006650,2025-12-02,143000,37118,5246975750
006650,2025-12-03,147700,42191,6162702550
006650,2025-12-04,145300,31848,4599851550
006650,2025-12-05,143900,32731,4711236600
006650,2025-12-08,141600,45385,6396657050
006650,2025-12-09,141000,42276,5955645250
006650,2025-12-10,148300,65079,9527302850
006650,2025-12-11,145400,42938,6250918550
006650,2025-12-12,151300,41086,6092580700
006650,2025-12-15,156000,62027,9722139000
006650,2025-12-16,151000,28723,4376970650
006650,2025-12-17,157300,57189,8964534350
006650,2025-12-18,144700,78122,11301587750
006650,2025-12-19,147500,51837,7569749450
006650,2025-12-22,145800,21361,3104162750
006650,2025-12-23,148700,34056,5067829850
006650,2025-12-24,147900,22804,3395596800
006650,2025-12-26,148500,43017,6371958000
006650,2025-12-29,144900,42390,6116098700
006650,2025-12-30,144800,45628,6634795600
006650,2026-01-02,139000,57828,8088062950
006650,2026-01-05,138400,46307,6409860900
006650,2026-01-06,134900,67813,9101843850
006650,2026-01-07,132400,74273,9774649850
006650,2026-01-08,129200,89757,11482630900
006650,2026-01-09,129100,42100,5447343700
006650,2026-01-12,139300,73325,10179667750
006650,2026-01-13,139000,33479,4628288300
006650,2026-01-14,151500,90821,13347482150
006650,2026-01-15,159200,90038,14297083750
006650,2026-01-16,157000,38051,6011369100
006650,2026-01-19,152100,66426,10085976300
006650,2026-01-20,156900,66991,10735064150
006650,2026-01-21,157500,58150,9117046850
006650,2026-01-22,156500,50536,7950862450
006650,2026-01-23,160200,61262,9880908000
006650,2026-01-26,160100,49719,8198067650
006650,2026-01-27,161000,33909,5495549050
006650,2026-01-28,161000,39715,6523864700
006650,2026-01-29,159200,32097,5062011600
006650,2026-01-30,156300,45350,7074028700
006650,2026-02-02,147800,26306,3990829450
006650,2026-02-03,146200,94872,13560352150
006650,2026-02-04,148700,33581,4993995250
006650,2026-02-05,149000,44167,6650055700
006650,2026-02-06,145700,26372,3809579000
006650,2026-02-09,145500,34797,5039751600
006650,2026-02-10,147800,22940,3356214700
006650,2026-02-11,153800,56376,8658507000
006650,2026-02-12,168500,118533,19607398950
006650,2026-02-13,164200,27941,4623669250
006650,2026-02-19,163300,36169,5860143600
006650,2026-02-20,168900,49396,8300306600
006650,2026-02-23,176600,103618,18145794850
006650,2026-02-24,190700,108995,20353718600
006650,2026-02-25,188200,68990,12888284100
006650,2026-02-26,184400,57637,10782919650
006650,2026-02-27,189900,53189,10026154150
006650,2026-03-03,165100,150015,26112197850
006650,2026-03-04,133600,117906,16678613300
006650,2026-03-05,133400,135192,18512322750
006650,2026-03-06,123800,206809,25680243100
006650,2026-03-09,121500,155757,18143975950
006650,2026-03-10,135700,172305,23086051300
006650,2026-03-11,133800,82420,11128270300
006650,2026-03-12,132300,42156,5580487150
006650,2026-03-13,127300,43340,5514262750
006650,2026-03-16,124500,33502,4192963350
006650,2026-03-17,132300,79921,10519212000
006650,2026-03-18,143000,133843,18682952550
006650,2026-03-19,134000,66933,9037960450
006650,2026-03-20,134600,93324,12642090050
006650,2026-03-23,134700,69040,9333919550
006650,2026-03-24,135100,40214,5476305600
006650,2026-03-25,135700,84529,11355850800
006650,2026-03-26,137800,69694,9637851350
006650,2026-03-27,133400,105782,13848474600
006650,2026-03-30,128100,116362,14731244850
006650,2026-03-31,130000,88088,11589624300
006650,2026-04-01,134700,43298,5746914550
006650,2026-04-02,123300,123321,15660987600
006650,2026-04-03,129900,65335,8489393950
006650,2026-04-06,140600,93427,13142526400
006650,2026-04-07,139100,42765,6012653900
006650,2026-04-08,156000,144725,22636522300
006650,2026-04-09,163200,121430,20038681900
006650,2026-04-10,157500,56552,8931334750
006650,2026-04-13,151400,39884,6088220550
006650,2026-04-14,152000,51061,7811047600
006650,2026-04-15,154000,46153,7180496900
006650,2026-04-16,152700,64245,9803927250
006650,2026-04-17,155100,41896,6520369050
006650,2026-04-20,157700,55979,8919073100
006650,2026-04-21,158900,62130,9818746450
006650,2026-04-22,156000,62724,9661059550
006650,2026-04-23,155400,71224,10972603550
006650,2026-04-24,159400,51018,8117762050
006650,2026-04-27,157200,44679,7016074800
006650,2026-04-28,157800,53440,8431238250
006650,2026-04-29,188000,267281,48025115050
006650,2026-04-30,181100,101114,18199353750
006650,2026-05-04,179900,77658,14032270950
006650,2026-05-06,170700,100037,17186203000
006650,2026-05-07,173000,50792,8851690100
006650,2026-05-08,172200,45999,7823988250
006650,2026-05-11,169900,32426,5508836750
006650,2026-05-12,151100,143908,21877642200
006650,2026-05-13,144000,70299,10209569200
006650,2026-05-14,147900,45820,6664762400
006650,2026-05-15,140000,53640,7627265550
006650,2026-05-18,138000,55547,7545475000
006650,2026-05-19,135200,34451,4637215500
006650,2026-05-20,128700,63182,8052893250
006650,2026-05-21,133900,59626,7928573800
006650,2026-05-22,134400,55402,7415770500
006650,2026-05-26,135900,61536,8426778650
006650,2026-05-27,130100,54327,7170007200
006650,2026-05-28,128300,50738,6394298800
006650,2026-05-29,128300,30308,3849100900
006650,2026-06-01,125500,51515,6475796850
006650,2026-06-02,121900,44573,5474816850
006650,2026-06-04,126000,32416,4104249100
006650,2026-06-05,122100,35582,4331179500
006650,2026-06-08,111800,33078,3737401950
006650,2026-06-09,118600,32715,3884235400
006650,2026-06-10,119600,25280,2972166550
006650,2026-06-11,120900,37535,4464298150
006650,2026-06-12,124700,32518,4145573500
006650,2026-06-15,141500,82022,11564557450
006650,2026-06-16,138800,30348,4255288050
006650,2026-06-17,136900,34694,4779260450
006650,2026-06-18,129100,25288,3349510300
006650,2026-06-19,124700,29336,3674502750
006650,2026-06-22,119000,24103,2907568650
006650,2026-06-23,108100,55360,6117947950
006650,2026-06-24,117100,44933,5133387050
006650,2026-06-25,113700,41024,4765498250
006650,2026-06-26,109800,28744,3158674800
006650,2026-06-29,120000,26395,3097136600
006650,2026-06-30,113600,29505,3373765700
006650,2026-07-01,113400,28105,3162671650
006650,2026-07-02,110700,18282,2028320200
006650,2026-07-03,110800,18588,2029951200
006650,2026-07-06,111500,16695,1836818750
006650,2026-07-07,108800,16080,1743513450
006650,2026-07-08,102600,44766,4613339450
006650,2026-07-09,101500,41398,4184310650
006650,2026-07-10,106000,20728,2199961550
006650,2026-07-13,105600,27580,2995799550
006650,2026-07-14,104800,30131,3162433750
006650,2026-07-15,104500,24398,2583992100
006650,2026-07-16,105400,12783,1336927600
006650,2026-07-20,96700,26911,2652458300
006650,2026-07-21,96300,30119,2885546300
006650,2026-07-22,96300,14363,1412821300
006650,2026-07-23,103000,20037,2023210650
006650,2026-07-24,99700,14941,1496611100
006650,2026-07-27,97000,18017,1759080000
006650,2026-07-28,91400,23797,2185763850
006650,2026-07-29,86200,33465,2906345750
006650,2026-07-30,89300,34066,3025813050
006650,2026-07-31,85500,71662,6073833700
006650,2026-08-03,86600,37191,3204473800
006650,2026-08-04,89700,33705,2960104050
006650,2026-08-05,89900,31356,2823229300
006650,2026-08-06,91100,33029,2968138900
006650,2026-08-07,93700,29149,2690522850
006650,2026-08-10,91600,55960,5067875300
006650,2026-08-11,89900,27555,2491703700
006650,2026-08-12,89200,29522,2636220200
006650,2026-08-13,88500,57963,5168969650
006650,2026-08-14,91400,30156,2734367750
006650,2026-08-18,86400,41585,3633042350
006650,2026-08-19,82000,21794,1799339050
006650,2026-08-20,81600,26156,2155583250
006650,2026-08-21,80300,28699,2304181350
006650,2026-08-24,82900,18878,1541810400
006650,2026-08-25,82000,37990,3073875250
006650,2026-08-26,88000,52030,4422137250
006650,2026-08-27,89500,51303,4563655600
006650,2026-08-28,95800,77151,7219036650
006650,2026-08-31,96200,38812,3704570300
010950,2025-10-01,62400,146814,9140973200
010950,2025-10-02,62300,278045,17281922800
010950,2025-10-10,66800,936751,62185474950
010950,2025-10-13,66200,280291,18382655100
010950,2025-10-14,66300,265132,17544169000
010950,2025-10-15,65500,221511,14524817900
010950,2025-10-16,68300,469431,31589714950
010950,2025-10-17,65300,302690,19952278850
010950,2025-10-20,67500,334354,22354672050
010950,2025-10-21,68100,303502,20840379600
010950,2025-10-22,72600,853686,60910423050
010950,2025-10-23,73100,457145,33631909250
010950,2025-10-24,74900,630068,47519529550
010950,2025-10-27,74100,439226,32410859800
010950,2025-10-28,73900,232593,17103069700
010950,2025-10-29,73700,335022,24481914400
010950,2025-10-30,72900,194749,14254678450
010950,2025-10-31,71800,242597,17415036550
010950,2025-11-03,72300,384310,27499737250
010950,2025-11-04,77300,1074010,83806066550
010950,2025-11-05,74900,390169,29254830500
010950,2025-11-06,76300,464945,35816399700
010950,2025-11-07,74400,248560,18558872000
010950,2025-11-10,79000,578025,45608062550
010950,2025-11-11,82200,649973,53236633650
010950,2025-11-12,87500,848720,72726004200
010950,2025-11-13,86300,542107,47601615950
010950,2025-11-14,85700,299323,25902687700
010950,2025-11-17,88000,285672,25034552600
010950,2025-11-18,85700,247276,21386427950
010950,2025-11-19,90000,780601,69640901100
010950,2025-11-20,89400,383331,34315903550
010950,2025-11-21,89700,393965,35217754300
010950,2025-11-24,81500,774966,64619676850
010950,2025-11-25,80400,436537,35103056550
010950,2025-11-26,80900,346957,27837371300
010950,2025-11-27,77700,583181,45330640900
010950,2025-11-28,76700,336593,25735329550
010950,2025-12-01,77900,228697,17751147800
010950,2025-12-02,80800,352550,28124440300
010950,2025-12-03,80900,208647,16833384500
010950,2025-12-04,81400,181219,14593105750
010950,2025-12-05,80500,163716,13140539250
010950,2025-12-08,79700,225111,17824384400
010950,2025-12-09,80600,157173,12630766500
010950,2025-12-10,81700,242563,19907830150
010950,2025-12-11,80600,229338,18595309500
010950,2025-12-12,81600,144842,11830447350
010950,2025-12-15,86400,594216,51836990800
010950,2025-12-16,83800,235509,19865302300
010950,2025-12-17,84900,261644,22065498800
010950,2025-12-18,80500,312492,25434894900
010950,2025-12-19,81500,167095,13558349200
010950,2025-12-22,84000,216226,18124257900
010950,2025-12-23,84000,87985,7381520350
010950,2025-12-24,83200,98317,8222447850
010950,2025-12-26,82000,148809,12183605250
010950,2025-12-29,81300,165928,13407314400
010950,2025-12-30,83000,160982,13288592700
010950,2026-01-02,80300,226535,18209914200
010950,2026-01-05,84600,498711,41962414500
010950,2026-01-06,85200,285262,24514222650
010950,2026-01-07,80900,465970,37835719050
010950,2026-01-08,81500,275822,22418115550
010950,2026-01-09,84000,431176,36519162700
010950,2026-01-12,87100,324767,27982640650
010950,2026-01-13,87800,237556,20804888200
010950,2026-01-14,87200,366908,32079950500
010950,2026-01-15,91800,763146,69655644800
010950,2026-01-16,89700,265158,23808133650
010950,2026-01-19,90100,222927,20158758500
010950,2026-01-20,90600,212359,19157613200
010950,2026-01-21,91900,298303,27097599800
010950,2026-01-22,98500,606978,58867984200
010950,2026-01-23,99500,328705,32474006750
010950,2026-01-26,98300,391998,38107933700
010950,2026-01-27,101500,528600,53412015250
010950,2026-01-28,100500,272892,27434306050
010950,2026-01-29,100300,262163,26275021600
010950,2026-01-30,105900,599168,62979534550
010950,2026-02-02,101000,369136,37729316400
010950,2026-02-03,97700,498413,48594356950
010950,2026-02-04,99900,326703,32616874850
010950,2026-02-05,99800,226923,22632367100
010950,2026-02-06,98000,241572,23341182750
010950,2026-02-09,99600,219326,21904186900
010950,2026-02-10,100600,163402,16455993000
010950,2026-02-11,107400,517312,55355609800
010950,2026-02-12,108000,333639,35904771850
010950,2026-02-13,106200,154220,16378060150
010950,2026-02-19,110900,257229,28399888850
010950,2026-02-20,120000,386103,45581670850
010950,2026-02-23,114500,555607,63232938350
010950,2026-02-24,114100,418446,47408665550
010950,2026-02-25,112600,265424,29945311100
010950,2026-02-26,113700,319138,36147260550
010950,2026-02-27,110000,523395,57393260300
010950,2026-03-03,141300,4261597,576820937050
010950,2026-03-04,126500,10815571,1633890644300
010950,2026-03-05,134700,5004431,637060074250
010950,2026-03-06,129700,2619819,339779324950
010950,2026-03-09,128700,2642463,346829893050
010950,2026-03-10,117900,1497393,178189032000
010950,2026-03-11,114600,1822406,208317408950
010950,2026-03-12,118000,1155363,135282538950
010950,2026-03-13,108000,1297882,144866666600
010950,2026-03-16,105400,650853,69189690400
010950,2026-03-17,106500,690457,73559455600
010950,2026-03-18,110600,831455,91448825450
010950,2026-03-19,111200,713012,79417381400
010950,2026-03-20,111800,615278,69216965150
010950,2026-03-23,106000,579648,62895638900
010950,2026-03-24,108400,483799,52220853400
010950,2026-03-25,113300,494701,55337092650
010950,2026-03-26,112300,299737,33830153100
010950,2026-03-27,109700,408328,43896569800
010950,2026-03-30,110100,390212,42747485450
010950,2026-03-31,105300,509557,54257047400
010950,2026-04-01,113100,599881,66773428100
010950,2026-04-02,106500,513820,55160177700
010950,2026-04-03,111400,467871,51001171500
010950,2026-04-06,118100,865177,101760512850
010950,2026-04-07,114800,497660,58300095850
010950,2026-04-08,112100,618205,69764080950
010950,2026-04-09,119600,844806,99591850600
010950,2026-04-10,120700,550835,66206782100
010950,2026-04-13,122000,623589,76034876300
010950,2026-04-14,119100,418615,49748342100
010950,2026-04-15,117500,410464,47835180050
010950,2026-04-16,118100,299952,35279497650
010950,2026-04-17,117300,237681,27806507350
010950,2026-04-20,115900,280643,32493012200
010950,2026-04-21,114300,358211,41050687550
010950,2026-04-22,114100,272328,31184664650
010950,2026-04-23,120800,702046,83138503600
010950,2026-04-24,119400,362111,42942904500
010950,2026-04-27,115400,450656,52112289200
010950,2026-04-28,118700,426553,50084465650
010950,2026-04-29,134300,1781339,230791205450
010950,2026-04-30,134500,753766,101443632850
010950,2026-05-04,128000,593891,76061461600
010950,2026-05-06,122000,553251,67642377000
010950,2026-05-07,118200,466858,55315661550
010950,2026-05-08,116800,372629,43634811100
010950,2026-05-11,110900,1032132,116981710300
010950,2026-05-12,114300,543747,61597562850
010950,2026-05-13,115300,587672,68592635650
010950,2026-05-14,115000,590700,66229412450
010950,2026-05-15,112100,425932,48546127100
010950,2026-05-18,111500,268425,29711140950
010950,2026-05-19,110100,299520,32768056000
010950,2026-05-20,110800,376140,41116793850
010950,2026-05-21,107300,470506,50673072450
010950,2026-05-22,109000,320315,34911836250
010950,2026-05-26,110100,290354,31923238650
010950,2026-05-27,108100,365297,39597529600
010950,2026-05-28,107000,335984,35976484000
010950,2026-05-29,107400,908028,96713434200
010950,2026-06-01,104700,596676,62512592250
010950,2026-06-02,108300,593523,64141269887
010950,2026-06-04,114500,463271,52866890500
010950,2026-06-05,112800,206462,23116273350
010950,2026-06-08,108500,343566,37201630250
010950,2026-06-09,110900,407011,45182557750
010950,2026-06-10,110800,337850,37405298200
010950,2026-06-11,113100,345816,38670167300
010950,2026-06-12,111400,358576,39689704550
010950,2026-06-15,113700,297952,33857768200
010950,2026-06-16,114100,284836,32437272900
010950,2026-06-17,109800,371589,41590340200
010950,2026-06-18,105100,332539,35340683800
010950,2026-06-19,105300,359927,37455737750
010950,2026-06-22,107000,261026,27664603400
010950,2026-06-23,101500,252274,26141339150
010950,2026-06-24,107300,348670,36686106750
010950,2026-06-25,98200,434430,43832147800
010950,2026-06-26,93200,506436,47528346000
010950,2026-06-29,103700,505426,51304494150
010950,2026-06-30,106400,439004,46706130700
010950,2026-07-01,109600,232199,25084816500
010950,2026-07-02,109200,264160,28876954650
010950,2026-07-03,110200,369661,40765358200
010950,2026-07-06,116900,484720,55831808450
010950,2026-07-07,127400,1083295,135500259200
010950,2026-07-08,131600,820161,107976045150
010950,2026-07-09,133500,457699,60282684050
010950,2026-07-10,132100,356636,47352658300
010950,2026-07-13,139500,808578,114278116800
010950,2026-07-14,131400,471618,63263145650
010950,2026-07-15,140400,559405,77654175200
010950,2026-07-16,144900,513882,74001994750
010950,2026-07-20,146700,606814,89527307450
010950,2026-07-21,141600,388916,55152951200
010950,2026-07-22,141700,394832,56230905200
010950,2026-07-23,149800,442379,65331894550
010950,2026-07-24,151200,578051,88493868300
010950,2026-07-27,136400,472991,65255641650
010950,2026-07-28,129500,346010,45174190200
010950,2026-07-29,126400,420879,53698979850
010950,2026-07-30,130100,392292,51026479550
010950,2026-07-31,127300,468753,59422519750
010950,2026-08-03,121700,457356,55365963050
010950,2026-08-04,125800,388861,48674114650
010950,2026-08-05,122500,445466,54882348400
010950,2026-08-06,124900,265338,32819166350
010950,2026-08-07,137600,569842,76491980250
010950,2026-08-10,139600,220813,30258630700
010950,2026-08-11,141600,403760,58789187450
010950,2026-08-12,141500,260925,37779358500
010950,2026-08-13,140900,323206,45355116750
010950,2026-08-14,147600,325864,47268775200
010950,2026-08-18,153600,450828,68825722450
010950,2026-08-19,151600,345770,52802366400
010950,2026-08-20,142600,274875,39867007400
010950,2026-08-21,141100,210251,29836268250
010950,2026-08-24,141200,164324,23335139400
010950,2026-08-25,139900,224046,31454170750
010950,2026-08-26,141000,477622,64948145900
010950,2026-08-27,136700,402334,54782598350
010950,2026-08-28,149200,410755,60318322300
010950,2026-08-31,150100,615103,92650951000
011170,2025-10-01,67900,193953,13316631650
011170,2025-10-02,67200,103348,6979969550
011170,2025-10-10,65400,125582,8242236300
011170,2025-10-13,66100,80058,5230822250
011170,2025-10-14,67500,157703,10539501450
011170,2025-10-15,68600,128384,8792777400
011170,2025-10-16,72000,357157,25394074150
011170,2025-10-17,73100,231632,16966489950
011170,2025-10-20,71700,144943,10370957650
011170,2025-10-21,71300,130040,9332018700
011170,2025-10-22,75900,287119,21462957750
011170,2025-10-23,74600,202963,15378774450
011170,2025-10-24,76400,179941,13621788450
011170,2025-10-27,74000,244334,18283418150
011170,2025-10-28,73700,141624,10418377550
011170,2025-10-29,73400,122298,8895802600
011170,2025-10-30,71400,96771,6952360950
011170,2025-10-31,70700,118819,8374680550
011170,2025-11-03,71500,172043,12250717000
011170,2025-11-04,73500,218430,15982852900
011170,2025-11-05,69900,151339,10559549700
011170,2025-11-06,71200,110071,7785716450
011170,2025-11-07,68800,127619,8765555850
011170,2025-11-10,73700,170222,12354133900
011170,2025-11-11,73800,151848,11228105350
011170,2025-11-12,84800,913548,74792294400
011170,2025-11-13,87000,550266,47720455700
011170,2025-11-14,85200,246409,21367848600
011170,2025-11-17,84500,134254,11336719650
011170,2025-11-18,80600,174061,14277805850
011170,2025-11-19,79700,116542,9330233100
011170,2025-11-20,80000,62826,5084287600
011170,2025-11-21,78000,60861,4749861650
011170,2025-11-24,74500,143258,10865596150
011170,2025-11-25,74500,74229,5542087150
011170,2025-11-26,75600,560927,42710660450
011170,2025-11-27,75700,190360,14540169950
011170,2025-11-28,72200,264626,19234910200
011170,2025-12-01,72700,87359,6345708150
011170,2025-12-02,74400,92971,6867880650
011170,2025-12-03,74500,106012,7875612300
011170,2025-12-04,73400,143329,10426168350
011170,2025-12-05,72900,91785,6658498200
011170,2025-12-08,72900,91288,6635322900
011170,2025-12-09,73000,80002,5814073800
011170,2025-12-10,73600,136084,10050700650
011170,2025-12-11,72400,117614,8595954100
011170,2025-12-12,74400,93793,6923364100
011170,2025-12-15,74100,86202,6409328650
011170,2025-12-16,73300,83172,6105693550
011170,2025-12-17,78900,451905,35360495250
011170,2025-12-18,72500,270254,19968006700
011170,2025-12-19,71200,201627,14429018550
011170,2025-12-22,73300,126749,9306082750
011170,2025-12-23,74100,92985,6900827950
011170,2025-12-24,74200,61982,4601982150
011170,2025-12-26,72500,106720,7840002150
011170,2025-12-29,71200,117532,8342194550
011170,2025-12-30,70300,65384,4591631600
011170,2026-01-02,67500,190687,12926298150
011170,2026-01-05,68900,125242,8591210150
011170,2026-01-06,69700,113589,7924848000
011170,2026-01-07,70400,117222,8186180000
011170,2026-01-08,69100,222097,15287498650
011170,2026-01-09,66900,223686,15127527500
011170,2026-01-12,68800,183361,12604592600
011170,2026-01-13,70700,119117,8281837000
011170,2026-01-14,71400,141341,10013330750
011170,2026-01-15,73400,174035,12751345650
011170,2026-01-16,74300,209115,15716236250
011170,2026-01-19,73800,167891,12220058250
011170,2026-01-20,73500,135993,10055824550
011170,2026-01-21,73100,177568,12820859000
011170,2026-01-22,77000,237282,18082656050
011170,2026-01-23,80300,265809,21189692200
011170,2026-01-26,80900,233139,19340303250
011170,2026-01-27,83000,225838,18836367050
011170,2026-01-28,86400,332286,28840502450
011170,2026-01-29,86400,181313,15418585100
011170,2026-01-30,83400,208109,17326437800
011170,2026-02-02,77300,276565,21800657500
011170,2026-02-03,80800,181340,14378317450
011170,2026-02-04,85400,212379,17868484050
011170,2026-02-05,75600,529033,40945411500
011170,2026-02-06,72900,219962,15921913950
011170,2026-02-09,74900,172132,12894652700
011170,2026-02-10,76600,155627,11904517750
011170,2026-02-11,80000,282128,22743665050
011170,2026-02-12,82000,297100,24561901700
011170,2026-02-13,80300,145449,11784130350
011170,2026-02-19,81000,177453,14214456400
011170,2026-02-20,85200,271350,22759506750
011170,2026-02-23,86200,348152,29799769600
011170,2026-02-24,91500,881915,82022689000
011170,2026-02-25,90300,373776,33723949250
011170,2026-02-26,90000,280426,25762340250
011170,2026-02-27,95900,553061,53029755450
011170,2026-03-03,84300,521145,46113998350
011170,2026-03-04,71800,291499,22019358600
011170,2026-03-05,73000,381417,28329368700
011170,2026-03-06,75400,231482,16996336950
011170,2026-03-09,71200,263758,18525010500
011170,2026-03-10,74100,196019,14438904750
011170,2026-03-11,76100,213979,16289875300
011170,2026-03-12,74000,246423,18102145250
011170,2026-03-13,70800,213284,15106979200
011170,2026-03-16,69100,207019,14391632150
011170,2026-03-17,70200,250456,17580812800
011170,2026-03-18,82000,732412,58059139150
011170,2026-03-19,82400,309720,25489409600
011170,2026-03-20,84200,338323,28778403100
011170,2026-03-23,81300,204132,16788816550
011170,2026-03-24,80400,159844,12927594000
011170,2026-03-25,79800,204414,16273237450
011170,2026-03-26,80500,266407,21633727500
011170,2026-03-27,82700,417729,33797701250
011170,2026-03-30,82100,243322,19627299050
011170,2026-03-31,80600,221976,18019789050
011170,2026-04-01,82000,140013,11370056500
011170,2026-04-02,78900,179728,14474853950
011170,2026-04-03,80100,104779,8473502850
011170,2026-04-06,83600,217032,18301273400
011170,2026-04-07,88000,320698,28271938900
011170,2026-04-08,91600,248487,22586081100
011170,2026-04-09,96700,459803,44760104400
011170,2026-04-10,92300,230759,21366957250
011170,2026-04-13,88600,164553,14530474800
011170,2026-04-14,88600,170620,15071940350
011170,2026-04-15,89600,139669,12552288500
011170,2026-04-16,89300,144390,12925393100
011170,2026-04-17,88700,93284,8329773500
011170,2026-04-20,89300,178936,16244342150
011170,2026-04-21,89900,120066,10786462350
011170,2026-04-22,91000,180890,16236350700
011170,2026-04-23,94100,278480,25586931300
011170,2026-04-24,96700,354918,34610711200
011170,2026-04-27,92200,190878,17836661300
011170,2026-04-28,94500,209620,19859656750
011170,2026-04-29,118000,1570521,174658757900
011170,2026-04-30,113900,502782,57423909450
011170,2026-05-04,106200,540596,58797578600
011170,2026-05-06,100800,506612,51119695500
011170,2026-05-07,100400,214400,21559897450
011170,2026-05-08,99900,237413,23776619900
011170,2026-05-11,106500,461605,48996750600
011170,2026-05-12,89100,1167538,107246291550
011170,2026-05-13,86300,285266,24765571900
011170,2026-05-14,91600,321600,28702631300
011170,2026-05-15,86500,234538,20643095000
011170,2026-05-18,84100,222361,18418536050
011170,2026-05-19,82000,168872,13688025750
011170,2026-05-20,79000,224532,17605879500
011170,2026-05-21,81800,232028,18801304150
011170,2026-05-22,82900,164857,13741984500
011170,2026-05-26,83500,227842,19230688150
011170,2026-05-27,81200,157098,12843912350
011170,2026-05-28,81500,166063,13420726550
011170,2026-05-29,80700,144225,11547095650
011170,2026-06-01,78400,166035,13014349050
011170,2026-06-02,77400,141948,10971202450
011170,2026-06-04,81000,197510,15820569200
011170,2026-06-05,77500,125770,9770119900
011170,2026-06-08,73500,139625,10186994450
011170,2026-06-09,76300,135229,10278868600
011170,2026-06-10,74900,104858,7780334200
011170,2026-06-11,76000,164581,12213621100
011170,2026-06-12,76500,147796,11454248600
011170,2026-06-15,80900,190618,15485834400
011170,2026-06-16,80800,166654,13338238900
011170,2026-06-17,81900,378497,30950814150
011170,2026-06-18,79500,168100,13492411600
011170,2026-06-19,76700,147569,11282162200
011170,2026-06-22,71600,113572,8242704500
011170,2026-06-23,65600,181814,12240514000
011170,2026-06-24,69600,172748,11669839250
011170,2026-06-25,67400,155937,10665461500
011170,2026-06-26,62900,151672,9548359750
011170,2026-06-29,67600,144822,9619302200
011170,2026-06-30,64000,114671,7368383228
011170,2026-07-01,64400,123719,7895903600
011170,2026-07-02,63500,108290,6941198000
011170,2026-07-03,63500,94389,5937212400
011170,2026-07-06,63900,71649,4546231850
011170,2026-07-07,62900,111074,6933931150
011170,2026-07-08,60700,121980,7386398300
011170,2026-07-09,61300,164288,9907286350
011170,2026-07-10,61800,97259,6041344050
011170,2026-07-13,60600,107297,6622530950
011170,2026-07-14,59800,119788,7170047250
011170,2026-07-15,60700,97282,5915098100
011170,2026-07-16,61000,111181,6722651650
011170,2026-07-20,57600,105620,6109107350
011170,2026-07-21,56600,129030,7288510250
011170,2026-07-22,59200,90426,5377543300
011170,2026-07-23,62800,130336,8040845650
011170,2026-07-24,61100,60440,3711117250
011170,2026-07-27,60700,47335,2856352600
011170,2026-07-28,57200,77961,4493610150
011170,2026-07-29,54600,113633,6264093050
011170,2026-07-30,54900,145250,7966317800
011170,2026-07-31,56500,140688,7756475150
011170,2026-08-03,55200,96921,5317801950
011170,2026-08-04,57700,82435,4664817000
011170,2026-08-05,57700,96728,5628402300
011170,2026-08-06,58700,62965,3665320450
011170,2026-08-07,61000,103276,6174134650
011170,2026-08-10,58500,312110,18022624600
011170,2026-08-11,58100,143669,8358841700
011170,2026-08-12,57900,116213,6717985700
011170,2026-08-13,57400,224920,12926411350
011170,2026-08-14,57200,140201,8014086450
011170,2026-08-18,55700,141065,7921671000
011170,2026-08-19,53700,119675,6409253600
011170,2026-08-20,55300,197259,10801516150
011170,2026-08-21,54300,100825,5458943850
011170,2026-08-24,55200,63545,3475516000
011170,2026-08-25,54900,126740,6899645400
011170,2026-08-26,57000,131128,7336924300
011170,2026-08-27,57400,107798,6181219050
011170,2026-08-28,59500,111535,6534997550
011170,2026-08-31,59100,82816,4873626300
047050,2025-10-01,48450,185671,9000910925
047050,2025-10-02,48800,408031,19963339525
047050,2025-10-10,47850,419408,20135267300
047050,2025-10-13,49000,500496,24537367575
047050,2025-10-14,49500,543169,26939285950
047050,2025-10-15,50500,395507,19882210675
047050,2025-10-16,51700,484702,24941125800
047050,2025-10-17,52900,1015382,53796530450
047050,2025-10-20,52100,459655,23822411500
047050,2025-10-21,52200,413908,21738584200
047050,2025-10-22,54600,666286,35752548750
047050,2025-10-23,59800,4029985,242081539600
047050,2025-10-24,58100,1466304,84657932350
047050,2025-10-27,57300,890346,51440745550
047050,2025-10-28,57300,657144,37212461750
047050,2025-10-29,58800,920727,53670474950
047050,2025-10-30,56100,1543210,89564418650
047050,2025-10-31,55000,476341,26415197400
047050,2025-11-03,55300,458367,25208382700
047050,2025-11-04,54600,477266,26445693800
047050,2025-11-05,52800,455783,24028690300
047050,2025-11-06,53100,248516,13226003950
047050,2025-11-07,51600,349868,18045909700
047050,2025-11-10,52600,253671,13284824150
047050,2025-11-11,52900,228151,12092764300
047050,2025-11-12,54300,352913,19029196700
047050,2025-11-13,54500,462952,25267819350
047050,2025-11-14,52900,240020,12824922050
047050,2025-11-17,53400,256235,13618866700
047050,2025-11-18,52000,251366,13161060300
047050,2025-11-19,51600,180852,9328643200
047050,2025-11-20,53300,251159,13318415900
047050,2025-11-21,52800,320514,16831286950
047050,2025-11-24,51200,320831,16571228150
047050,2025-11-25,52100,254786,13332144050
047050,2025-11-26,53800,261353,13958031300
047050,2025-11-27,53800,270332,14661504350
047050,2025-11-28,53600,235758,12661760800
047050,2025-12-01,53300,225680,12155114200
047050,2025-12-02,55600,557564,30748863500
047050,2025-12-03,55200,203848,11267079700
047050,2025-12-04,54400,207793,11281186200
047050,2025-12-05,54900,347132,18966329150
047050,2025-12-08,55200,306108,16874554250
047050,2025-12-09,55500,252862,13990698650
047050,2025-12-10,54000,258594,14084560950
047050,2025-12-11,53600,776952,41763929250
047050,2025-12-12,53900,258293,13869941600
047050,2025-12-15,54400,345442,18743797450
047050,2025-12-16,53000,278074,14836626100
047050,2025-12-17,52500,295836,15536748800
047050,2025-12-18,50400,353058,17907892300
047050,2025-12-19,50300,444733,22301115450
047050,2025-12-22,50900,206704,10504180150
047050,2025-12-23,51200,216343,11064536000
047050,2025-12-24,51300,209344,10806584000
047050,2025-12-26,50100,246560,12419321850
047050,2025-12-29,50400,245108,12360481150
047050,2025-12-30,49600,342126,16979152000
047050,2026-01-02,48300,479916,23254434925
047050,2026-01-05,48550,408908,19882237700
047050,2026-01-06,48950,347496,16989361150
047050,2026-01-07,48350,439820,21288177425
047050,2026-01-08,47850,526617,25102273325
047050,2026-01-09,48700,363023,17492509250
047050,2026-01-12,49950,464955,23126019725
047050,2026-01-13,53800,1240979,65261930650
047050,2026-01-14,55200,795230,42897702450
047050,2026-01-15,57700,2177875,126107671450
047050,2026-01-16,57300,962246,55306988650
047050,2026-01-19,62500,2819565,174069233050
047050,2026-01-20,63300,1336209,84371969950
047050,2026-01-21,62400,2226507,139067129700
047050,2026-01-22,62700,946004,58923479400
047050,2026-01-23,63300,996000,63467918350
047050,2026-01-26,63600,801732,51037411400
047050,2026-01-27,63500,486063,30634734050
047050,2026-01-28,63900,986330,62031237100
047050,2026-01-29,62500,905001,56495260550
047050,2026-01-30,62400,590373,36866267100
047050,2026-02-02,61100,698679,43122873600
047050,2026-02-03,65200,1046436,66997857150
047050,2026-02-04,68300,1780109,121830561100
047050,2026-02-05,66700,734056,49092366650
047050,2026-02-06,64000,642609,41008335750
047050,2026-02-09,64000,551767,35335701200
047050,2026-02-10,64000,429124,27268257600
047050,2026-02-11,64700,406434,26241868350
047050,2026-02-12,69000,2632754,180927022850
047050,2026-02-13,65800,640322,42514770350
047050,2026-02-19,69200,662967,45832432600
047050,2026-02-20,75300,2049003,153601674400
047050,2026-02-23,73200,700595,51638755650
047050,2026-02-24,73400,452693,33072676100
047050,2026-02-25,75500,826143,62355140600
047050,2026-02-26,75600,624403,47123415200
047050,2026-02-27,72200,1069982,77302939850
047050,2026-03-03,70400,1027820,73463461800
047050,2026-03-04,59000,1185142,74124310750
047050,2026-03-05,66000,651864,42671625550
047050,2026-03-06,73300,1701854,121703961300
047050,2026-03-09,76600,5457804,436262124850
047050,2026-03-10,75800,1819933,138279747450
047050,2026-03-11,76400,1630596,124287014900
047050,2026-03-12,79500,2166102,173032368850
047050,2026-03-13,73700,1879272,145904377750
047050,2026-03-16,73800,844769,63313582600
047050,2026-03-17,72000,990475,71597689150
047050,2026-03-18,71600,668812,48276302350
047050,2026-03-19,71800,881980,64002809100
047050,2026-03-20,77000,1726036,132806910100
047050,2026-03-23,76900,1585487,124562109450
047050,2026-03-24,75900,639799,48473040550
047050,2026-03-25,75800,758483,57176967350
047050,2026-03-26,78200,1054295,81578755850
047050,2026-03-27,74500,975843,72094386500
047050,2026-03-30,75400,678851,50741024300
047050,2026-03-31,71500,656711,47970852650
047050,2026-04-01,75700,850270,64589739200
047050,2026-04-02,79500,1757570,137926316700
047050,2026-04-03,85100,1805281,150529526100
047050,2026-04-06,80600,935396,76395656200
047050,2026-04-07,76700,928357,71824575750
047050,2026-04-08,73400,1660870,121847623850
047050,2026-04-09,73900,867733,64430006400
047050,2026-04-10,75200,454122,34124513150
047050,2026-04-13,74800,644015,48197628700
047050,2026-04-14,72400,1016714,73448103600
047050,2026-04-15,72700,764637,55291343450
047050,2026-04-16,72800,522900,37981083000
047050,2026-04-17,74800,774954,57599034400
047050,2026-04-20,76800,730806,55195933950
047050,2026-04-21,77500,551514,42616538200
047050,2026-04-22,80600,898801,71583676600
047050,2026-04-23,79700,694542,55116002200
047050,2026-04-24,81300,645490,52245421800
047050,2026-04-27,81300,597760,48040509500
047050,2026-04-28,85000,999421,84818281250
047050,2026-04-29,84900,667898,56069729450
047050,2026-04-30,87300,1420585,121816920250
047050,2026-05-04,87300,1175425,102695165650
047050,2026-05-06,83600,774569,65309615450
047050,2026-05-07,80700,818376,66631552700
047050,2026-05-08,78000,735654,57283849700
047050,2026-05-11,75300,708345,54082753950
047050,2026-05-12,74000,571483,42736117750
047050,2026-05-13,72500,701646,50910807000
047050,2026-05-14,74600,865474,64061084450
047050,2026-05-15,71900,566518,41643265850
047050,2026-05-18,71300,411625,28885580750
047050,2026-05-19,70600,447116,31316482800
047050,2026-05-20,68200,440120,29903228550
047050,2026-05-21,67000,771289,52099919850
047050,2026-05-22,70300,465551,32697313950
047050,2026-05-26,68300,590640,40813894250
047050,2026-05-27,65600,625387,41509064550
047050,2026-05-28,64100,875644,55502299300
047050,2026-05-29,63800,1105387,70243322350
047050,2026-06-01,61600,947860,58753103600
047050,2026-06-02,59900,614645,36857276300
047050,2026-06-04,60200,580265,34668047050
047050,2026-06-05,58500,405535,23434302350
047050,2026-06-08,54800,403638,22020149750
047050,2026-06-09,56300,363997,20502488600
047050,2026-06-10,58300,417228,23681754750
047050,2026-06-11,58100,558534,31964851950
047050,2026-06-12,59400,418493,24767514150
047050,2026-06-15,59900,408146,24365022100
047050,2026-06-16,65300,1863824,120521367000
047050,2026-06-17,59700,799368,48952775100
047050,2026-06-18,56300,501524,28753593200
047050,2026-06-19,55000,715574,38967283700
047050,2026-06-22,53200,577262,30599783050
047050,2026-06-23,50300,533572,27530742700
047050,2026-06-24,50500,468608,23467613975
047050,2026-06-25,48400,444707,21803697825
047050,2026-06-26,45650,583911,26763073950
047050,2026-06-29,51400,563766,28093496975
047050,2026-06-30,49150,313051,15508929975
047050,2026-07-01,51300,319420,16194118350
047050,2026-07-02,51800,451856,23574771925
047050,2026-07-03,49300,697114,34560472450
047050,2026-07-06,50000,340170,16983278600
047050,2026-07-07,49700,389029,19089264550
047050,2026-07-08,48750,378256,18661275700
047050,2026-07-09,48700,616348,29790583825
047050,2026-07-10,49500,435340,21613095200
047050,2026-07-13,50600,471816,24299271300
047050,2026-07-14,51300,725122,37247827900
047050,2026-07-15,51400,498604,25538792100
047050,2026-07-16,50900,477870,24414105600
047050,2026-07-20,50600,439959,22303694400
047050,2026-07-21,52600,455524,23563669200
047050,2026-07-22,51700,382331,20101164600
047050,2026-07-23,56600,717746,39548346550
047050,2026-07-24,56300,487785,27652531550
047050,2026-07-27,52700,422028,22507014250
047050,2026-07-28,50400,295601,14948578500
047050,2026-07-29,48550,475367,23215026200
047050,2026-07-30,51100,632364,32412942275
047050,2026-07-31,52200,671132,34495423775
047050,2026-08-03,51300,376050,19267717500
047050,2026-08-04,54000,375949,20118185300
047050,2026-08-05,54400,331282,17984705550
047050,2026-08-06,55400,272965,14985276000
047050,2026-08-07,58000,421990,24167115050
047050,2026-08-10,56700,560597,31413345700
047050,2026-08-11,56100,296231,16748256900
047050,2026-08-12,55800,419391,23468235550
047050,2026-08-13,54300,873042,47693108050
047050,2026-08-14,53300,679737,36222245400
047050,2026-08-18,51400,673185,35134507100
047050,2026-08-19,50700,528156,26691291300
047050,2026-08-20,52300,985663,51468692950
047050,2026-08-21,50600,405657,20392495575
047050,2026-08-24,53600,617064,32324063250
047050,2026-08-25,53900,496509,26328518650
047050,2026-08-26,52500,690320,35966436800
047050,2026-08-27,52500,548069,28838570700
047050,2026-08-28,52700,361179,18905933500
047050,2026-08-31,53700,5489357,294450739550
051910,2025-10-01,281500,141779,39685649750
051910,2025-10-02,277500,301239,84477907500
051910,2025-10-10,279000,288939,81134736750
051910,2025-10-13,282000,245693,68314421750
051910,2025-10-14,296500,479724,141320957250
051910,2025-10-15,294000,172127,50492707250
051910,2025-10-16,312000,557451,171433174000
051910,2025-10-17,339000,1150682,389629106750
051910,2025-10-20,347500,449112,154424471500
051910,2025-10-21,346000,357271,124396425250
051910,2025-10-22,391000,1575365,604707012750
051910,2025-10-23,389500,892900,352589639000
051910,2025-10-24,401000,811185,322475057741
051910,2025-10-27,404000,447924,179923233000
051910,2025-10-28,413500,503165,205142170450
051910,2025-10-29,417000,432477,179828439250
051910,2025-10-30,405000,439474,179392875798
051910,2025-10-31,397500,501518,197507089250
051910,2025-11-03,393000,345947,135364769500
051910,2025-11-04,395000,294129,116937282000
051910,2025-11-05,385000,436160,167644413750
051910,2025-11-06,385500,441659,174164725500
051910,2025-11-07,382000,259098,99116422000
051910,2025-11-10,397000,290167,113998073750
051910,2025-11-11,399500,396621,158437271256
051910,2025-11-12,393500,401469,159108324933
051910,2025-11-13,419500,676571,278997459500
051910,2025-11-14,407500,338108,138934859250
051910,2025-11-17,402000,264512,107160246000
051910,2025-11-18,388000,333994,132232138348
051910,2025-11-19,390500,206165,79922568500
051910,2025-11-20,388500,174417,68233709250
051910,2025-11-21,367000,315503,116074340000
051910,2025-11-24,358500,319529,114681682250
051910,2025-11-25,363000,251051,91311820000
051910,2025-11-26,397000,504358,196277069250
051910,2025-11-27,395500,457285,180315982750
051910,2025-11-28,374000,401535,152757196500
051910,2025-12-01,372000,213121,79611395250
051910,2025-12-02,371500,178062,66239746750
051910,2025-12-03,380000,193648,73243196750
051910,2025-12-04,376000,229061,86362758000
051910,2025-12-05,381500,275857,104364082500
051910,2025-12-08,386500,237724,91136310250
051910,2025-12-09,379500,176352,67008226750
051910,2025-12-10,376000,192669,72869197000
051910,2025-12-11,365500,278618,102836919750
051910,2025-12-12,371500,173965,64338920750
051910,2025-12-15,369000,150033,55542257000
051910,2025-12-16,354000,258691,92360773500
051910,2025-12-17,364000,182526,66042497750
051910,2025-12-18,333000,439388,147633482500
051910,2025-12-19,338500,344256,114936384050
051910,2025-12-22,346000,157106,54427001500
051910,2025-12-23,345500,143777,49589916750
051910,2025-12-24,346000,105513,36443013000
051910,2025-12-26,336000,145837,49257352000
051910,2025-12-29,338500,139537,46843058250
051910,2025-12-30,333000,193822,64314072500
051910,2026-01-02,322500,246623,79651701750
051910,2026-01-05,330000,222585,72943315500
051910,2026-01-06,328500,282451,92941793000
051910,2026-01-07,319500,282239,90085199750
051910,2026-01-08,315000,416599,130701622750
051910,2026-01-09,312500,280530,87461240250
051910,2026-01-12,321500,342118,109201358750
051910,2026-01-13,342500,461945,154124557500
051910,2026-01-14,330500,244657,81124046250
051910,2026-01-15,336000,270726,91110435250
051910,2026-01-16,333500,239548,80434886500
051910,2026-01-19,337500,289896,95783641500
051910,2026-01-20,339000,267761,90931712750
051910,2026-01-21,331000,212312,70007780250
051910,2026-01-22,350500,664481,231197398500
051910,2026-01-23,358000,541858,194132066750
051910,2026-01-26,349500,400048,139338659000
051910,2026-01-27,344000,308673,106465150500
051910,2026-01-28,354000,456693,162333172750
051910,2026-01-29,343000,435702,149081709500
051910,2026-01-30,310500,963226,309845361500
051910,2026-02-02,296500,492954,148535650500
051910,2026-02-03,306500,349494,105780735250
051910,2026-02-04,318000,351475,110924939000
051910,2026-02-05,312000,310333,97249209250
051910,2026-02-06,304000,266373,80465080250
051910,2026-02-09,310500,259118,80386620000
051910,2026-02-10,321000,413203,131281123688
051910,2026-02-11,322500,393723,127373064391
051910,2026-02-12,336500,576686,193138690750
051910,2026-02-13,324500,386073,127004700750
051910,2026-02-19,334500,383082,127218471000
051910,2026-02-20,337000,236523,79742253000
051910,2026-02-23,332500,232539,77698464000
051910,2026-02-24,350500,519344,179667613250
051910,2026-02-25,387500,1099978,422499343500
051910,2026-02-26,390000,466977,181509171250
051910,2026-02-27,417500,1146026,474186407500
051910,2026-03-03,361000,956158,365875314750
051910,2026-03-04,307000,720462,232177358750
051910,2026-03-05,324500,550806,181157036500
051910,2026-03-06,326500,511510,163514425000
051910,2026-03-09,300000,582831,172373816000
051910,2026-03-10,311000,279895,87471036250
051910,2026-03-11,315500,217879,69984641750
051910,2026-03-12,306000,308065,94659302250
051910,2026-03-13,297500,273412,81375828000
051910,2026-03-16,292000,325789,95182081500
051910,2026-03-17,307500,256068,78703525500
051910,2026-03-18,320000,278071,88413877750
051910,2026-03-19,303500,207291,63691911250
051910,2026-03-20,310000,214904,66444993750
051910,2026-03-23,290000,249892,73173825500
051910,2026-03-24,314000,337381,104559021000
051910,2026-03-25,318000,218075,69243624500
051910,2026-03-26,314000,213175,67592745000
051910,2026-03-27,313000,239600,73821790500
051910,2026-03-30,322000,387305,124114516500
051910,2026-03-31,299000,473765,143938533750
051910,2026-04-01,312500,322039,99710897750
051910,2026-04-02,302000,438492,135423327500
051910,2026-04-03,304500,241336,73514562000
051910,2026-04-06,317000,299795,94781053750
051910,2026-04-07,323500,313215,101823369000
051910,2026-04-08,344500,374125,127253127750
051910,2026-04-09,355000,717366,256740368750
051910,2026-04-10,356000,283205,100997559000
051910,2026-04-13,340000,264626,90133206250
051910,2026-04-14,341500,164618,56615383750
051910,2026-04-15,354000,322452,114588827442
051910,2026-04-16,357500,218360,77665675250
051910,2026-04-17,360000,188824,67675387250
051910,2026-04-20,365500,239109,87976063000
051910,2026-04-21,389500,449161,173245734750
051910,2026-04-22,392000,344699,135254854250
051910,2026-04-23,391500,373795,146719632517
051910,2026-04-24,391500,309047,119236784500
051910,2026-04-27,379500,305442,116370113500
051910,2026-04-28,394000,339216,133867855000
051910,2026-04-29,407500,414937,167656305750
051910,2026-04-30,397000,283039,112492456000
051910,2026-05-04,429000,609933,259149868500
051910,2026-05-06,423500,372989,157334162500
051910,2026-05-07,425000,397016,167695184750
051910,2026-05-08,429500,316902,135732230250
051910,2026-05-11,423500,323937,137270345750
051910,2026-05-12,388500,1047094,409086740244
051910,2026-05-13,387500,337701,130281251250
051910,2026-05-14,392500,365104,141266981750
051910,2026-05-15,374000,407694,156634604250
051910,2026-05-18,373000,248124,90936117500
051910,2026-05-19,350500,395053,138163393250
051910,2026-05-20,332000,458363,152117091750
051910,2026-05-21,348000,373133,128598470250
051910,2026-05-22,351000,349477,123143737750
051910,2026-05-26,351000,288865,102056979250
051910,2026-05-27,331000,447062,151120785500
051910,2026-05-28,344500,475564,161456716000
051910,2026-05-29,367000,935945,336027464500
051910,2026-06-01,363500,556724,206480462750
051910,2026-06-02,355000,509454,185147478000
051910,2026-06-04,352000,437034,152904194793
051910,2026-06-05,349000,280325,96602047250
051910,2026-06-08,321000,350623,113204888500
051910,2026-06-09,329000,442906,144556570500
051910,2026-06-10,323000,460889,147243900500
051910,2026-06-11,316500,439844,137484527000
051910,2026-06-12,345000,370877,126815619000
051910,2026-06-15,360500,254923,90984079250
051910,2026-06-16,367500,228006,83476396750
051910,2026-06-17,361000,188380,68507612750
051910,2026-06-18,342500,316742,110481435750
051910,2026-06-19,338000,384173,129551817000
051910,2026-06-22,323000,217199,70676938000
051910,2026-06-23,291500,323294,98134440250
051910,2026-06-24,297500,285310,83523346000
051910,2026-06-25,285500,225142,65966120250
051910,2026-06-26,271000,283029,77656173500
051910,2026-06-29,308000,303017,89713903500
051910,2026-06-30,280000,409549,116538814750
051910,2026-07-01,280000,258564,72323111250
051910,2026-07-02,281500,192139,53871085000
051910,2026-07-03,281500,171284,47454638500
051910,2026-07-06,276500,157978,43748141500
051910,2026-07-07,265500,236042,62629627500
051910,2026-07-08,255000,250176,64513090750
051910,2026-07-09,251500,286285,72763070000
051910,2026-07-10,264000,220071,58882866750
051910,2026-07-13,260500,231652,62103180500
051910,2026-07-14,255000,258229,66611899750
051910,2026-07-15,264500,166468,44163213250
051910,2026-07-16,260500,180510,47252296500
051910,2026-07-20,253000,250470,63871226000
051910,2026-07-21,250500,261524,65300400000
051910,2026-07-22,252000,137770,35593496750
051910,2026-07-23,271500,183148,48664584750
051910,2026-07-24,259000,148757,38831878250
051910,2026-07-27,260000,136487,35538055500
051910,2026-07-28,240500,223661,54226076000
051910,2026-07-29,232500,292085,68599882750
051910,2026-07-30,245500,273961,66778040500
051910,2026-07-31,258000,307583,77843600000
051910,2026-08-03,247000,263827,64417723750
051910,2026-08-04,256500,217286,54701021750
051910,2026-08-05,255500,172045,44441118250
051910,2026-08-06,261000,156675,40579180250
051910,2026-08-07,276000,201027,54307198000
051910,2026-08-10,278000,131363,36187125250
051910,2026-08-11,274000,87883,24257129750
051910,2026-08-12,275500,117471,32460296250
051910,2026-08-13,275500,213415,58946418750
051910,2026-08-14,280500,137186,38155064750
051910,2026-08-18,270500,156971,42967248500
051910,2026-08-19,266000,118663,31213545500
051910,2026-08-20,264000,158402,42539789516
051910,2026-08-21,252500,141218,35867767750
051910,2026-08-24,273000,214303,57496338500
051910,2026-08-25,263000,113525,29884446500
051910,2026-08-26,263500,119913,31385776500
051910,2026-08-27,274500,175859,48074482250
051910,2026-08-28,277000,127519,35216780500
051910,2026-08-31,280000,200316,55856148000
096770,2025-10-01,99900,214213,21457360450
096770,2025-10-02,104900,843677,88816095850
096770,2025-10-10,103000,275945,28455857150
096770,2025-10-13,104000,303723,31087379700
096770,2025-10-14,106200,416289,43991408700
096770,2025-10-15,107700,229656,24636195000
096770,2025-10-16,116000,959544,109034930300
096770,2025-10-17,116600,701794,81930915950
096770,2025-10-20,119200,537124,63220634750
096770,2025-10-21,124700,1377390,170302221000
096770,2025-10-22,126300,585328,73272302000
096770,2025-10-23,124500,445469,55973545550
096770,2025-10-24,134800,1442659,191856776900
096770,2025-10-27,131300,667370,88751529600
096770,2025-10-28,132000,581661,75906617846
096770,2025-10-29,137000,863624,117717945000
096770,2025-10-30,134600,509974,68929417150
096770,2025-10-31,128900,700849,91980101300
096770,2025-11-03,126500,493253,62271781850
096770,2025-11-04,126500,369158,47199179450
096770,2025-11-05,120900,444471,53557013700
096770,2025-11-06,120800,445880,54168297300
096770,2025-11-07,115900,391011,45497329700
096770,2025-11-10,120500,283482,34045661100
096770,2025-11-11,122300,312573,38447982500
096770,2025-11-12,126500,386084,48693879700
096770,2025-11-13,126300,402364,50891384350
096770,2025-11-14,122700,268518,33207392350
096770,2025-11-17,122300,245202,30042778750
096770,2025-11-18,116000,341783,40218221800
096770,2025-11-19,116600,204366,23843672850
096770,2025-11-20,116900,199549,23464330500
096770,2025-11-21,113500,193498,22046172100
096770,2025-11-24,111300,319104,35738961000
096770,2025-11-25,111000,170364,18960067100
096770,2025-11-26,117200,247969,28653776600
096770,2025-11-27,116400,158395,18435600150
096770,2025-11-28,115000,205478,23745518300
096770,2025-12-01,114600,164925,18955372100
096770,2025-12-02,115500,183864,21176782050
096770,2025-12-03,115900,139733,16189155050
096770,2025-12-04,112600,303660,34332645650
096770,2025-12-05,114600,198828,22681237800
096770,2025-12-08,117500,268104,31200173250
096770,2025-12-09,117300,217439,25536572200
096770,2025-12-10,116600,238604,27989880850
096770,2025-12-11,112300,582960,66039404750
096770,2025-12-12,113900,220653,24979694150
096770,2025-12-15,112900,174999,19814095050
096770,2025-12-16,109800,272521,30209647100
096770,2025-12-17,110500,202783,22256760350
096770,2025-12-18,104800,343106,36335499100
096770,2025-12-19,105800,572216,60127647400
096770,2025-12-22,106500,160271,17000367300
096770,2025-12-23,106200,136988,14533571250
096770,2025-12-24,105500,125186,13221091400
096770,2025-12-26,103300,149687,15550894050
096770,2025-12-29,103100,162960,16677328250
096770,2025-12-30,101200,224337,22740682100
096770,2026-01-02,99900,222145,22245567000
096770,2026-01-05,102700,269897,27561064800
096770,2026-01-06,106000,331023,34651951000
096770,2026-01-07,102000,373184,38279298650
096770,2026-01-08,102600,720394,72404342100
096770,2026-01-09,99700,429275,42909098900
096770,2026-01-12,102500,328914,33352617800
096770,2026-01-13,105500,350395,36397577150
096770,2026-01-14,103900,254953,26485755150
096770,2026-01-15,107600,621403,66857432550
096770,2026-01-16,105400,279004,29605685100
096770,2026-01-19,106200,329951,34461872600
096770,2026-01-20,109000,406654,43912893000
096770,2026-01-21,105800,257770,27247329150
096770,2026-01-22,112200,802247,88712373950
096770,2026-01-23,111400,474343,52883336950
096770,2026-01-26,114100,414195,46910881150
096770,2026-01-27,111500,438428,49014406700
096770,2026-01-28,108200,1065781,115950945350
096770,2026-01-29,113500,921456,102166885550
096770,2026-01-30,112000,754942,86037382700
096770,2026-02-02,106900,589696,64616651150
096770,2026-02-03,109500,406300,43916219350
096770,2026-02-04,112700,456487,50779881050
096770,2026-02-05,109800,478632,52637943200
096770,2026-02-06,106200,416129,43974460850
096770,2026-02-09,109700,310740,34021331550
096770,2026-02-10,111800,371527,41383660950
096770,2026-02-11,113500,333667,37703424600
096770,2026-02-12,116300,552434,63842624550
096770,2026-02-13,113800,366958,42293885950
096770,2026-02-19,118600,469623,54819186250
096770,2026-02-20,127600,1148636,145602238500
096770,2026-02-23,128400,829422,106925362000
096770,2026-02-24,137700,1454315,197333208050
096770,2026-02-25,131200,945606,125322524100
096770,2026-02-26,130000,645204,84082325950
096770,2026-02-27,127700,1133235,144795293200
096770,2026-03-03,130900,3617613,484467129050
096770,2026-03-04,109000,2479816,295359163250
096770,2026-03-05,126500,2015029,249412226450
096770,2026-03-06,124900,1082786,135446020800
096770,2026-03-09,118200,1018646,123624782550
096770,2026-03-10,119800,543592,64744582650
096770,2026-03-11,119500,832752,102284159350
096770,2026-03-12,121700,1529015,185845209550
096770,2026-03-13,112600,1213989,138891263700
096770,2026-03-16,109300,480023,52974280200
096770,2026-03-17,110900,443183,48746082250
096770,2026-03-18,114300,394221,44663561050
096770,2026-03-19,110300,319609,35605810750
096770,2026-03-20,113900,570150,65355396850
096770,2026-03-23,105600,464035,49925749100
096770,2026-03-24,110100,335325,36494468000
096770,2026-03-25,114100,429196,48605578650
096770,2026-03-26,111300,301504,33790018350
096770,2026-03-27,111400,310314,33872874450
096770,2026-03-30,113400,494381,55633959800
096770,2026-03-31,108700,424109,46769646200
096770,2026-04-01,114500,339509,38393613000
096770,2026-04-02,115500,906129,106147526850
096770,2026-04-03,118200,307161,35929260150
096770,2026-04-06,123200,619875,75060378000
096770,2026-04-07,121800,690065,86272370200
096770,2026-04-08,120400,807415,96313902500
096770,2026-04-09,124000,648120,79621121100
096770,2026-04-10,122400,291430,35786887100
096770,2026-04-13,121500,345810,42075901000
096770,2026-04-14,121600,361028,43821426050
096770,2026-04-15,121600,501831,60414784250
096770,2026-04-16,126500,667455,83714863450
096770,2026-04-17,129400,432136,55192089050
096770,2026-04-20,128800,343300,44202281300
096770,2026-04-21,133500,1167957,154182885300
096770,2026-04-22,134000,618073,81790556050
096770,2026-04-23,133200,568659,74933512050
096770,2026-04-24,132900,445814,59074720550
096770,2026-04-27,130400,651104,85031111650
096770,2026-04-28,133000,736544,97173098400
096770,2026-04-29,149800,3117601,446100114650
096770,2026-04-30,146200,1134227,165395059100
096770,2026-05-04,145700,1202954,177828891300
096770,2026-05-06,146700,1323792,190746699200
096770,2026-05-07,137800,1021138,141875528500
096770,2026-05-08,134700,673340,90998703950
096770,2026-05-11,132700,701204,94249188950
096770,2026-05-12,128500,786369,101002810700
096770,2026-05-13,129700,645303,82400456200
096770,2026-05-14,126700,805501,101748470850
096770,2026-05-15,123500,1140726,148162856400
096770,2026-05-18,123300,495434,60184030750
096770,2026-05-19,119600,605849,72695261950
096770,2026-05-20,115500,516672,60403213050
096770,2026-05-21,118800,532239,62718058150
096770,2026-05-22,123700,470022,58237594800
096770,2026-05-26,121700,448304,55019992000
096770,2026-05-27,115400,725626,84692698250
096770,2026-05-28,117000,599363,68917636300
096770,2026-05-29,119200,959568,113061074000
096770,2026-06-01,116200,551991,64962639150
096770,2026-06-02,116300,642883,75547524300
096770,2026-06-04,116800,410882,48116761850
096770,2026-06-05,114900,399657,45843699900
096770,2026-06-08,104600,532581,56188324700
096770,2026-06-09,105700,398633,42117974150
096770,2026-06-10,103700,441698,45462312650
096770,2026-06-11,103200,578990,58937854100
096770,2026-06-12,106100,536326,57269996100
096770,2026-06-15,112700,567143,63973992950
096770,2026-06-16,112500,276144,30996077400
096770,2026-06-17,109000,456434,50277447750
096770,2026-06-18,103500,384157,40147383750
096770,2026-06-19,102400,574557,58671271600
096770,2026-06-22,100200,290760,29287663650
096770,2026-06-23,93700,585537,56823267100
096770,2026-06-24,98400,446198,42903813150
096770,2026-06-25,94400,381164,36970519450
096770,2026-06-26,89500,476165,42764681000
096770,2026-06-29,98400,424384,40686162300
096770,2026-06-30,94900,342957,33011396350
096770,2026-07-01,98000,363139,34854701700
096770,2026-07-02,94100,390416,37058159850
096770,2026-07-03,95000,285404,26756939650
096770,2026-07-06,96500,232969,22458554100
096770,2026-07-07,103800,852970,86175145550
096770,2026-07-08,99800,520620,52941472450
096770,2026-07-09,99000,363622,36394205300
096770,2026-07-10,102900,447319,46854150750
096770,2026-07-13,110200,1515044,168744579600
096770,2026-07-14,104900,802235,86392351350
096770,2026-07-15,117000,1017192,116977566200
096770,2026-07-16,121400,1851929,227577325300
096770,2026-07-20,116900,808325,96733749100
096770,2026-07-21,116300,478237,55203505450
096770,2026-07-22,118400,793350,96309881200
096770,2026-07-23,132200,1686912,215077831600
096770,2026-07-24,130100,1413273,186346132150
096770,2026-07-27,116700,845081,101028877750
096770,2026-07-28,112700,702722,80226790900
096770,2026-07-29,109500,742040,82670236550
096770,2026-07-30,116600,799528,93057838000
096770,2026-07-31,110500,1833201,199501871600
096770,2026-08-03,108000,573157,61246458950
096770,2026-08-04,111300,574466,62904398050
096770,2026-08-05,109200,832094,91085278100
096770,2026-08-06,108600,486638,52488615500
096770,2026-08-07,120300,1271355,146746472750
096770,2026-08-10,124500,795636,96215805550
096770,2026-08-11,124100,758130,95653064600
096770,2026-08-12,122400,670033,83677601400
096770,2026-08-13,121700,582784,70887153800
096770,2026-08-14,128700,677520,86091340200
096770,2026-08-18,131500,822162,108418332750
096770,2026-08-19,128900,451215,58363548650
096770,2026-08-20,125900,457598,58146235750
096770,2026-08-21,124800,424592,52925655250
096770,2026-08-24,130100,750625,98164760000
096770,2026-08-25,125000,488310,61892865700
096770,2026-08-26,111200,4224472,456685416550
096770,2026-08-27,112000,1256142,140554089600
096770,2026-08-28,116900,1262642,146715886950
096770,2026-08-31,125500,1924132,238580663250
247540,2025-10-01,112600,205555,23251482150
247540,2025-10-02,116300,442617,51110274250
247540,2025-10-10,112300,438108,49582239650
247540,2025-10-13,117800,658396,76595239400
247540,2025-10-14,123700,890874,109173593400
247540,2025-10-15,125200,443808,54994000750
247540,2025-10-16,143000,1962739,269607288400
247540,2025-10-17,161000,4990047,788364028600
247540,2025-10-20,160300,1505696,239403764050
247540,2025-10-21,159800,1310912,211473280900
247540,2025-10-22,165200,1381288,228445009850
247540,2025-10-23,159400,650815,105532879700
247540,2025-10-24,172600,1653548,280265870350
247540,2025-10-27,172900,5785264,1000714771450
247540,2025-10-28,174100,838564,143603707300
247540,2025-10-29,171700,527687,90803409500
247540,2025-10-30,162600,893321,149059626700
247540,2025-10-31,160000,695197,112177107850
247540,2025-11-03,164900,531734,86676560400
247540,2025-11-04,161800,725702,119691156950
247540,2025-11-05,157900,688684,107554753350
247540,2025-11-06,158000,429277,68850376800
247540,2025-11-07,151100,488367,74455435600
247540,2025-11-10,153800,328529,49884439000
247540,2025-11-11,153600,561388,88269466300
247540,2025-11-12,155300,316121,49039738150
247540,2025-11-13,160000,578111,91501719750
247540,2025-11-14,150600,370728,56943966900
247540,2025-11-17,154400,337973,52129826950
247540,2025-11-18,145000,390511,58020109700
247540,2025-11-19,143500,412954,58765029000
247540,2025-11-20,145200,245476,35934708200
247540,2025-11-21,138200,288050,40074868850
247540,2025-11-24,138500,483265,65994572000
247540,2025-11-25,137400,218794,30349193450
247540,2025-11-26,150000,509226,74452111750
247540,2025-11-27,147000,237991,35352140100
247540,2025-11-28,149900,379604,56932994700
247540,2025-12-01,158900,937384,149792185550
247540,2025-12-02,159200,351622,55639313950
247540,2025-12-03,156900,230829,36475155650
247540,2025-12-04,157900,387314,61603348400
247540,2025-12-05,159700,442403,70571581600
247540,2025-12-08,173300,1641004,279455978550
247540,2025-12-09,182100,2222927,406211078750
247540,2025-12-10,179500,674670,122464600450
247540,2025-12-11,173800,854760,149358135300
247540,2025-12-12,176000,392230,68426994550
247540,2025-12-15,179700,536214,94977566950
247540,2025-12-16,165500,853073,143983091450
247540,2025-12-17,165800,410948,68272736150
247540,2025-12-18,154200,539839,84712192350
247540,2025-12-19,155000,762795,116834495100
247540,2025-12-22,158900,333968,52828819500
247540,2025-12-23,158000,245633,38839908250
247540,2025-12-24,157700,249357,39553755600
247540,2025-12-26,156300,269772,42301701300
247540,2025-12-29,156300,286734,44645273400
247540,2025-12-30,146600,560716,83245813650
247540,2026-01-02,141700,462810,66208137300
247540,2026-01-05,145800,551111,80228909850
247540,2026-01-06,148400,383139,56796106800
247540,2026-01-07,146800,351759,52196982450
247540,2026-01-08,146300,634042,92702119050
247540,2026-01-09,141900,340906,48525549800
247540,2026-01-12,151300,621211,92447764650
247540,2026-01-13,155700,384550,58955872250
247540,2026-01-14,149900,348414,52919932800
247540,2026-01-15,150600,345964,51690771350
247540,2026-01-16,145800,365913,53684000000
247540,2026-01-19,154200,568539,85335127200
247540,2026-01-20,160100,863013,137266768750
247540,2026-01-21,160100,701320,111817986150
247540,2026-01-22,172400,1614324,275725831100
247540,2026-01-23,174300,1003581,172067951150
247540,2026-01-26,209000,4265569,838913981900
247540,2026-01-27,213500,1805235,380335221250
247540,2026-01-28,229000,2870049,641615545750
247540,2026-01-29,246000,3368789,822599376000
247540,2026-01-30,232000,2288279,558458860250
247540,2026-02-02,214500,1896374,420814080250
247540,2026-02-03,219000,1076313,233566733750
247540,2026-02-04,222500,1082553,241134240750
247540,2026-02-05,211500,974505,207996122750
247540,2026-02-06,198200,1121283,221215747900
247540,2026-02-09,206500,899864,182122980650
247540,2026-02-10,202000,447491,91631689250
247540,2026-02-11,200000,369839,74947165150
247540,2026-02-12,207000,575581,117833341900
247540,2026-02-13,196100,817275,161952097700
247540,2026-02-19,214000,1095763,229566855000
247540,2026-02-20,214000,416915,88824849250
247540,2026-02-23,209500,557503,119259357250
247540,2026-02-24,213500,472468,99956025250
247540,2026-02-25,216000,556738,120238265000
247540,2026-02-26,219500,855441,187785979500
247540,2026-02-27,221500,786277,173099761000
247540,2026-03-03,199500,884982,186273658200
247540,2026-03-04,165600,1517050,271805590550
247540,2026-03-05,195400,1237046,240945662800
247540,2026-03-06,202500,655517,130640494850
247540,2026-03-09,202500,907354,179476019050
247540,2026-03-10,203000,653625,134684412500
247540,2026-03-11,197500,507330,102463958350
247540,2026-03-12,197700,683785,133899880150
247540,2026-03-13,191300,747253,141151891400
247540,2026-03-16,187400,605477,112533528050
247540,2026-03-17,193500,476351,91684254000
247540,2026-03-18,196500,324967,63647345850
247540,2026-03-19,189700,439588,84321406750
247540,2026-03-20,191900,410787,78263383350
247540,2026-03-23,179100,461538,83455322300
247540,2026-03-24,193000,615748,118086672650
247540,2026-03-25,203000,505161,101373179800
247540,2026-03-26,198900,374921,75721525700
247540,2026-03-27,202500,499114,98732097200
247540,2026-03-30,203500,404454,81977266100
247540,2026-03-31,192200,603090,119655024400
247540,2026-04-01,202000,410700,82399459300
247540,2026-04-02,196900,728719,145846823800
247540,2026-04-03,192600,470485,91144090200
247540,2026-04-06,199900,579226,115605893150
247540,2026-04-07,201500,542160,111158259300
247540,2026-04-08,208500,585119,121949568500
247540,2026-04-09,206000,574238,117467940000
247540,2026-04-10,201500,267837,54543994000
247540,2026-04-13,199000,286581,57473591650
247540,2026-04-14,197800,306781,61332784300
247540,2026-04-15,202500,370153,75105694500
247540,2026-04-16,205000,351483,72106196500
247540,2026-04-17,208000,575204,119617115500
247540,2026-04-20,210000,468514,98203229250
247540,2026-04-21,220500,962694,209036356250
247540,2026-04-22,218000,744134,161244648750
247540,2026-04-23,205500,704169,146872237250
247540,2026-04-24,208000,388962,80312731500
247540,2026-04-27,207500,345978,71886892250
247540,2026-04-28,213500,500672,106376500250
247540,2026-04-29,212500,589037,125171184500
247540,2026-04-30,206000,496622,103471851000
247540,2026-05-04,215500,597043,128191364250
247540,2026-05-06,228500,974039,216530262500
247540,2026-05-07,235500,1140239,266568843750
247540,2026-05-08,237500,629179,147944313500
247540,2026-05-11,222000,829855,185955356500
247540,2026-05-12,205500,992424,209344218000
247540,2026-05-13,197100,666130,131902072450
247540,2026-05-14,209000,807776,163746047950
247540,2026-05-15,190500,825029,163384452450
247540,2026-05-18,190400,577686,109630641550
247540,2026-05-19,182400,580567,108127514550
247540,2026-05-20,176700,557955,99286045000
247540,2026-05-21,195000,560937,108528892050
247540,2026-05-22,216000,1141061,245547516250
247540,2026-05-26,220000,920419,208474179500
247540,2026-05-27,213500,659252,144728004000
247540,2026-05-28,218500,771344,165653046750
247540,2026-05-29,217000,1318811,284566656250
247540,2026-06-01,207000,662016,138115043750
247540,2026-06-02,198000,867237,177421808850
247540,2026-06-04,197400,656199,131287389150
247540,2026-06-05,180100,772457,142583134350
247540,2026-06-08,159700,651414,107019244600
247540,2026-06-09,167600,663769,109840315800
247540,2026-06-10,164500,536210,88677679450
247540,2026-06-11,164300,898577,144409235050
247540,2026-06-12,170000,642248,111076584300
247540,2026-06-15,186500,510682,93584722350
247540,2026-06-16,179500,472518,85998790550
247540,2026-06-17,180000,361009,64867323450
247540,2026-06-18,172300,516097,88968993700
247540,2026-06-19,169400,905391,153673765200
247540,2026-06-22,166700,480379,79934118200
247540,2026-06-23,150900,683987,106737726900
247540,2026-06-24,152500,521863,79213699600
247540,2026-06-25,144000,536834,79067326350
247540,2026-06-26,133700,797620,107692093000
247540,2026-06-29,154500,952726,142574890050
247540,2026-06-30,142500,984155,143359262900
247540,2026-07-01,132700,1507199,202168335900
247540,2026-07-02,125500,661857,82883391200
247540,2026-07-03,124400,581378,70106133850
247540,2026-07-06,121700,388813,46987039800
247540,2026-07-07,120200,486586,58495103050
247540,2026-07-08,112600,516352,59309352350
247540,2026-07-09,111500,780559,87873133400
247540,2026-07-10,121600,565475,68197283200
247540,2026-07-13,119800,571074,69432785100
247540,2026-07-14,112600,494046,56191604850
247540,2026-07-15,120900,426284,51661862950
247540,2026-07-16,112400,290976,33324405950
247540,2026-07-20,104100,314459,33324784750
247540,2026-07-21,105900,288501,30192497450
247540,2026-07-22,107500,300529,33050000450
247540,2026-07-23,118200,353716,40207869300
247540,2026-07-24,108300,308723,34094115600
247540,2026-07-27,110500,280334,30917271950
247540,2026-07-28,101800,319884,32679939700
247540,2026-07-29,92600,583750,55159094100
247540,2026-07-30,96500,534615,51794151100
247540,2026-07-31,103500,497654,50922460550
247540,2026-08-03,96800,649492,61819241150
247540,2026-08-04,102500,556835,56083276700
247540,2026-08-05,101700,454007,46431281650
247540,2026-08-06,102500,397836,40460246150
247540,2026-08-07,107000,505842,53133552950
247540,2026-08-10,114800,477817,53592019250
247540,2026-08-11,109800,442475,48924170350
247540,2026-08-12,114400,297511,33245047800
247540,2026-08-13,114500,384619,44173988950
247540,2026-08-14,116700,345739,40014658550
247540,2026-08-18,109100,448406,50073005700
247540,2026-08-19,109800,276389,30168782850
247540,2026-08-20,114100,286385,32708080350
247540,2026-08-21,105600,317914,33866575850
247540,2026-08-24,117000,653003,74801446500
247540,2026-08-25,112500,394619,43963503400
247540,2026-08-26,111500,255397,28255911450
247540,2026-08-27,118000,533166,61692510650
247540,2026-08-28,118200,283225,33179767900
247540,2026-08-31,120800,537739,63372359350
373220,2025-10-01,347500,141477,48966620250
373220,2025-10-02,399000,644612,235535497000
373220,2025-10-10,359500,541859,194275452500
373220,2025-10-13,360000,378056,136222027750
373220,2025-10-14,385000,859960,328048896000
373220,2025-10-15,386500,320758,122765304000
373220,2025-10-16,420500,874761,357107287500
373220,2025-10-17,434000,946272,407858391000
373220,2025-10-20,432500,382756,164683118000
373220,2025-10-21,437000,462927,203817316250
373220,2025-10-22,454500,608320,274420003750
373220,2025-10-23,447500,300756,135027251250
373220,2025-10-24,492000,976594,467642533500
373220,2025-10-27,495000,599572,294572472750
373220,2025-10-28,510000,560608,280890722582
373220,2025-10-29,514000,439194,226337028500
373220,2025-10-30,486500,728528,361362903750
373220,2025-10-31,473000,499652,237452698250
373220,2025-11-03,475500,337955,159853428250
373220,2025-11-04,473000,397941,190876751500
373220,2025-11-05,464000,443887,205005866500
373220,2025-11-06,470000,600184,288331969000
373220,2025-11-07,463500,279860,130575082250
373220,2025-11-10,465500,244077,113360156500
373220,2025-11-11,473000,396429,189755318000
373220,2025-11-12,475500,258727,123187082500
373220,2025-11-13,484500,617757,297693543750
373220,2025-11-14,463000,282819,132426620250
373220,2025-11-17,463000,157725,72855805500
373220,2025-11-18,443000,291156,130598466000
373220,2025-11-19,437500,249097,108703039000
373220,2025-11-20,441000,156626,69548722750
373220,2025-11-21,425500,242702,103580297500
373220,2025-11-24,412000,438358,181531763250
373220,2025-11-25,413500,240842,99952258500
373220,2025-11-26,435500,415285,178248735750
373220,2025-11-27,438000,363930,158898877500
373220,2025-11-28,408000,712913,295127265750
373220,2025-12-01,413000,286573,118147632250
373220,2025-12-02,415000,200833,82980245000
373220,2025-12-03,418000,231552,97131893250
373220,2025-12-04,410000,381430,156610168000
373220,2025-12-05,426000,438931,185065096000
373220,2025-12-08,451500,593075,263666786000
373220,2025-12-09,443500,232158,102848651500
373220,2025-12-10,441500,204015,90324393000
373220,2025-12-11,446000,715032,317199621750
373220,2025-12-12,445500,215489,95378195500
373220,2025-12-15,442500,192535,85205011750
373220,2025-12-16,418000,397656,167500280000
373220,2025-12-17,415500,265161,110223447000
373220,2025-12-18,378500,720096,276560934004
373220,2025-12-19,379000,641564,239449018000
373220,2025-12-22,389500,297525,115388172500
373220,2025-12-23,388000,184844,71515435500
373220,2025-12-24,390500,173638,67918752750
373220,2025-12-26,383500,206573,79277539750
373220,2025-12-29,380000,348113,131393382750
373220,2025-12-30,368500,344347,126817072750
373220,2026-01-02,361000,329529,119065453500
373220,2026-01-05,371500,355352,131332373250
373220,2026-01-06,378000,316118,119345682750
373220,2026-01-07,370500,275402,102456878000
373220,2026-01-08,366000,413793,151267032750
373220,2026-01-09,363000,344929,125563788500
373220,2026-01-12,379000,429789,161391602750
373220,2026-01-13,394000,473453,184087092250
373220,2026-01-14,389500,270844,105619638250
373220,2026-01-15,392000,284050,110412230750
373220,2026-01-16,391000,289648,113504237500
373220,2026-01-19,398500,408315,160505124750
373220,2026-01-20,403000,455475,183995191000
373220,2026-01-21,394500,280563,110357504000
373220,2026-01-22,417000,680002,280920608500
373220,2026-01-23,412000,486387,201782984500
373220,2026-01-26,416000,323197,134168680750
373220,2026-01-27,408500,330244,135299042750
373220,2026-01-28,431000,1462794,637497787000
373220,2026-01-29,416500,709422,296330947500
373220,2026-01-30,398000,579004,235166574250
373220,2026-02-02,380000,401037,155555457000
373220,2026-02-03,391000,271188,105214004500
373220,2026-02-04,402500,337066,135101685250
373220,2026-02-05,395000,338536,134795077000
373220,2026-02-06,385000,265446,101486138000
373220,2026-02-09,394500,230057,90378612750
373220,2026-02-10,390500,302157,117831080500
373220,2026-02-11,392000,187479,73378164250
373220,2026-02-12,410000,583824,237001666500
373220,2026-02-13,395000,321449,127814416250
373220,2026-02-19,403500,267049,107010516500
373220,2026-02-20,401500,219069,88092688250
373220,2026-02-23,396000,268719,106967885250
373220,2026-02-24,412500,588995,242216884500
373220,2026-02-25,426000,650523,274574034000
373220,2026-02-26,427000,540625,231384579750
373220,2026-02-27,427000,591387,252281092500
373220,2026-03-03,393000,489727,197552544500
373220,2026-03-04,347500,826847,300482717000
373220,2026-03-05,371500,541523,202663651500
373220,2026-03-06,377500,350799,130917588250
373220,2026-03-09,359500,414051,147376796500
373220,2026-03-10,367000,298332,109384502000
373220,2026-03-11,369500,263280,98701195500
373220,2026-03-12,384000,345803,130386327750
373220,2026-03-13,369000,370087,136317521000
373220,2026-03-16,366000,280349,102937780250
373220,2026-03-17,380500,345242,129788034500
373220,2026-03-18,383500,279721,107373811000
373220,2026-03-19,371000,213253,79807027750
373220,2026-03-20,375500,200932,75218991000
373220,2026-03-23,356000,302070,108417222500
373220,2026-03-24,392500,656541,251899280750
373220,2026-03-25,394000,352715,138642260000
373220,2026-03-26,384500,274503,106025187000
373220,2026-03-27,394500,372863,143166970250
373220,2026-03-30,410000,747897,303854880500
373220,2026-03-31,394500,518297,206926156500
373220,2026-04-01,407000,343583,138376529250
373220,2026-04-02,404500,532803,217704678000
373220,2026-04-03,398500,254074,102126942000
373220,2026-04-06,412500,393045,162115578500
373220,2026-04-07,408500,311134,128680707750
373220,2026-04-08,406000,521932,211682054250
373220,2026-04-09,421000,719468,300855005250
373220,2026-04-10,412000,273394,113399636750
373220,2026-04-13,401500,218403,88078530250
373220,2026-04-14,400000,269254,108222240250
373220,2026-04-15,408000,272401,110849901000
373220,2026-04-16,416000,317064,131153427000
373220,2026-04-17,418000,336530,140677195750
373220,2026-04-20,429000,563779,242316849250
373220,2026-04-21,478000,1363543,636131092500
373220,2026-04-22,484500,880220,424085543000
373220,2026-04-23,466500,529996,248030525500
373220,2026-04-24,481000,402718,191711449500
373220,2026-04-27,464000,433687,201736290750
373220,2026-04-28,472000,431570,203035420250
373220,2026-04-29,473000,306780,144282387500
373220,2026-04-30,460500,485223,224463139000
373220,2026-05-04,472000,425260,199992531500
373220,2026-05-06,482000,589631,282188027750
373220,2026-05-07,483000,463457,220223697500
373220,2026-05-08,476500,353449,169266947500
373220,2026-05-11,468000,407574,191152822000
373220,2026-05-12,443000,668326,298696607750
373220,2026-05-13,430000,455234,196655259250
373220,2026-05-14,442000,368128,161426073750
373220,2026-05-15,417000,798242,345510349000
373220,2026-05-18,408000,373359,150241751140
373220,2026-05-19,400000,376633,150075646750
373220,2026-05-20,384500,411862,159655308250
373220,2026-05-21,401000,300978,119682264500
373220,2026-05-22,398500,435706,175718295750
373220,2026-05-26,399500,321431,129010292250
373220,2026-05-27,383500,463463,181122251750
373220,2026-05-28,442000,1665103,719000600250
373220,2026-05-29,458000,1287237,584054201250
373220,2026-06-01,455000,778389,357521041750
373220,2026-06-02,442500,1496902,697367580000
373220,2026-06-04,422000,708012,301366681500
373220,2026-06-05,414000,445122,183966503750
373220,2026-06-08,388500,422550,165217686250
373220,2026-06-09,396500,420962,165929068250
373220,2026-06-10,385500,354289,136716850250
373220,2026-06-11,384500,450781,171737184750
373220,2026-06-12,400000,460043,184881506500
373220,2026-06-15,420500,312604,130233054250
373220,2026-06-16,410500,327489,134997129500
373220,2026-06-17,416000,224023,92963254750
373220,2026-06-18,400000,342610,137654348000
373220,2026-06-19,404500,753314,305619793750
373220,2026-06-22,385500,358905,140551377750
373220,2026-06-23,362000,484181,181486015750
373220,2026-06-24,365500,353220,127729446000
373220,2026-06-25,352000,448999,160623664250
373220,2026-06-26,331500,582932,193950082500
373220,2026-06-29,400500,833095,317932362500
373220,2026-06-30,362000,672385,247990184500
373220,2026-07-01,348000,395443,138894312000
373220,2026-07-02,354000,358138,126824372750
373220,2026-07-03,362500,397490,141122636250
373220,2026-07-06,354500,330389,116804950750
373220,2026-07-07,332000,567089,187704859500
373220,2026-07-08,315500,372285,118291903250
373220,2026-07-09,313500,505757,160852811000
373220,2026-07-10,326000,263154,86054056000
373220,2026-07-13,328500,313372,105007555000
373220,2026-07-14,322000,368900,119319955750
373220,2026-07-15,335000,323299,108586038750
373220,2026-07-16,334000,314975,106221678250
373220,2026-07-20,317500,310401,100344521500
373220,2026-07-21,317000,222065,70186886000
373220,2026-07-22,321000,217211,71111315250
373220,2026-07-23,348000,327080,111182989250
373220,2026-07-24,329500,232863,77176215000
373220,2026-07-27,333000,126791,42094721250
373220,2026-07-28,314000,338100,106200303500
373220,2026-07-29,300500,397135,120033365750
373220,2026-07-30,320000,480095,152362755250
373220,2026-07-31,328000,491853,158591821000
373220,2026-08-03,316000,279360,87952424500
373220,2026-08-04,328500,270560,87507123250
373220,2026-08-05,335500,286160,96003973250
373220,2026-08-06,345000,212231,72188098250
373220,2026-08-07,360000,426444,151312807750
373220,2026-08-10,367500,247517,89695642500
373220,2026-08-11,354500,279255,100485244500
373220,2026-08-12,358500,257478,93145824000
373220,2026-08-13,365500,321608,117457041750
373220,2026-08-14,369500,243455,88824353500
373220,2026-08-18,351000,334816,118928325000
373220,2026-08-19,357500,270199,95595164250
373220,2026-08-20,358000,267995,96690800250
373220,2026-08-21,343500,248966,86092738000
373220,2026-08-24,362000,374479,134293662750
373220,2026-08-25,349500,205498,71998224500
373220,2026-08-26,351000,182732,63621725750
373220,2026-08-27,370500,432292,158671139000
373220,2026-08-28,370000,242978,89557476750
373220,2026-08-31,378000,425288,159229687500
